EmployeeID,Name,Gender,Age,Department,Position,Salary,OvertimePay,PaymentDate
102,Ralph Gonzalez,Male,35,Operations,Project Manager,88926,332,2024-09-01
103,Ian Perez,Female,27,R&D,Data Engineer,92656,176,2024-09-01
104,Gregory Romero,Male,59,Marketing,HR Manager,60965,4268,2024-09-01
105,Dawn Johnson DDS,Male,55,Legal,Security Analyst,110724,2853,2024-08-30
107,Sarah Perry DDS,Female,42,Legal,Network Administrator,66286,755,2024-09-03
109,Brian Wells,Female,36,Operations,IT Manager,117197,3944,2024-09-03
110,Connie Coffey,Female,55,HR,Database Administrator,111894,3054,2024-08-14
111,Anthony Riley,Female,56,Marketing,Network Administrator,82068,3922,2024-09-12
112,Curtis Fisher,Male,34,Customer Service,Security Analyst,86248,1610,2024-08-13
115,William Robinson,Male,28,Marketing,Network Administrator,64810,3986,2024-09-08
117,David Powell,Male,53,R&D,Security Analyst,66084,1536,2024-08-21
120,Louis Cunningham,Female,31,IT,Software Engineer,64510,3775,2024-08-17
121,David Morris,Male,55,Operations,Project Manager,108125,1177,2024-08-26
122,Sabrina King,Female,26,R&D,HR Manager,93495,1171,2024-08-16
124,Samuel Glass,Female,53,IT,Technical Support,109430,1650,2024-08-29
125,Gregory Romero,Female,41,Marketing,UI/UX Designer,66892,4801,2024-08-15
126,Benjamin Campbell,Female,49,Customer Service,Software Engineer,80121,2526,2024-09-07
127,Angel Jones,Male,39,Customer Service,Security Analyst,75711,4078,2024-08-31
128,Aaron Adams,Male,40,HR,DevOps Engineer,66169,2288,2024-08-15
129,Patricia Clayton,Male,58,IT,Software Engineer,58232,949,2024-08-27
131,Joel Smith,Female,53,R&D,UI/UX Designer,100573,3233,2024-09-02
134,Mary Olson,Male,46,R&D,UI/UX Designer,68020,4857,2024-09-02
135,Jade Branch,Male,37,Marketing,UI/UX Designer,51931,3402,2024-09-06
137,Paul Fuller,Male,57,Customer Service,Network Administrator,92741,446,2024-09-03
139,Ariana Diaz,Female,49,Procurement,UI/UX Designer,59352,2924,2024-09-11
140,William Thompson,Female,57,Customer Service,Data Scientist,89043,3035,2024-08-24
143,Clifford Duncan,Male,40,Procurement,UI/UX Designer,59945,231,2024-08-26
145,Michael Castaneda,Male,56,Sales,Security Analyst,107518,947,2024-09-10
147,John Payne,Male,34,Operations,Web Developer,81760,1554,2024-09-10
149,Eric Johnson,Female,49,R&D,UI/UX Designer,92049,4266,2024-09-12
150,Margaret Torres,Male,24,Finance,Data Scientist,53739,2687,2024-08-30
153,Adrienne Moon,Male,38,IT,UI/UX Designer,63926,1674,2024-08-18
154,Terri Figueroa,Female,56,R&D,Software Engineer,117702,3484,2024-08-30
157,Loretta Chang,Male,34,Legal,Security Analyst,75140,31,2024-08-23
160,Megan Hill,Male,37,Procurement,HR Manager,64159,427,2024-08-19
163,Victoria Shannon,Female,45,IT,Software Engineer,110542,4739,2024-08-18
165,Jaime Reeves,Male,43,Operations,DevOps Engineer,118998,4215,2024-08-17
168,Franklin Jarvis,Female,60,Legal,DevOps Engineer,119703,3429,2024-09-03
169,Jacob Williams,Female,40,R&D,HR Manager,69995,2308,2024-08-22
170,Michelle Clay,Male,30,Marketing,Database Administrator,63363,72,2024-08-22
171,John Robertson,Female,50,R&D,IT Manager,68046,3586,2024-08-21
173,Sharon Owens,Male,24,Customer Service,Security Analyst,53411,4976,2024-09-01
174,Jade Branch,Male,32,HR,Data Scientist,116040,3343,2024-08-18
177,William Walker,Male,37,Customer Service,Technical Support,71668,1710,2024-09-01
179,Peter Beasley,Male,29,Finance,Business Analyst,90852,2302,2024-08-27
180,Mary Walker,Female,49,IT,DevOps Engineer,106622,729,2024-09-04
181,Brian Townsend,Male,52,Procurement,Data Scientist,76816,611,2024-08-28
186,Dr. Devon Reed,Female,57,Finance,UI/UX Designer,99701,4180,2024-08-18
190,Kristine Newman,Female,36,R&D,Systems Analyst,72592,3994,2024-09-05
191,Douglas Barker,Male,25,IT,Web Developer,72050,283,2024-08-29
192,Kyle Jones,Male,59,Sales,Project Manager,97327,1941,2024-09-01
195,Adrian Sullivan,Female,37,Legal,Data Scientist,108233,1616,2024-09-08
196,Daniel Short,Male,49,Legal,Network Administrator,59973,962,2024-08-26
197,Mitchell Rasmussen,Male,39,Legal,Data Scientist,98916,600,2024-08-17
199,Natasha Rhodes,Female,56,Sales,IT Manager,82425,4908,2024-08-28
203,Dr. Jason Mcneil,Male,43,Legal,Data Engineer,91636,2414,2024-08-29
204,Ryan Garcia,Female,40,IT,Project Manager,51728,275,2024-08-23
206,Sarah Tran,Female,22,Marketing,Web Developer,81687,1909,2024-08-16
209,Hunter Henson,Male,47,Sales,Database Administrator,116173,2048,2024-08-20
210,Ryan Romero,Male,52,R&D,Data Engineer,99266,1305,2024-08-17
214,Daniel Short,Male,36,R&D,Business Analyst,102290,754,2024-08-23
215,Joseph Young,Male,24,IT,Network Administrator,62611,2673,2024-09-05
216,Kristen Walker,Female,29,HR,Database Administrator,101319,1123,2024-09-04
217,Michael Ramirez,Male,52,Operations,Network Administrator,103919,453,2024-08-27
219,Nichole Stanley,Male,45,IT,DevOps Engineer,92441,429,2024-08-14
221,Michael Cooper,Female,49,R&D,Database Administrator,67596,4070,2024-08-28
224,Claudia Anderson,Female,25,Procurement,Web Developer,64528,545,2024-08-24
226,Christina Garcia,Female,43,Marketing,Technical Support,85993,2647,2024-09-04
227,Kristin Henson,Female,33,HR,DevOps Engineer,119674,3126,2024-09-05
229,Dawn Johnson DDS,Female,43,HR,Project Manager,68142,2405,2024-08-24
234,Victoria Willis,Male,46,Legal,Security Analyst,73783,392,2024-08-19
235,Cynthia Andrews,Male,59,Sales,Network Administrator,83745,3797,2024-08-24
238,James Roy,Male,56,Sales,UI/UX Designer,89231,1507,2024-08-20
240,Marc Tucker,Male,27,Customer Service,IT Manager,109315,1097,2024-09-10
243,Jeffrey Reyes,Male,55,Operations,Data Scientist,50887,1835,2024-08-22
244,Alexander Murray,Male,54,Customer Service,Systems Analyst,80422,1866,2024-08-16
245,Christina Garcia,Male,36,HR,Project Manager,106186,2114,2024-09-06
247,Brandi Larson,Male,45,Customer Service,Data Engineer,53804,3493,2024-08-20
248,Kylie Harrington,Male,37,Sales,Network Administrator,60119,3249,2024-08-29
249,Timothy Lewis,Female,50,Sales,IT Manager,105060,4806,2024-08-22
251,Stephen Lopez,Female,56,Sales,Technical Support,90268,3368,2024-09-05
252,Dr. Daniel Gregory,Female,27,IT,Web Developer,62832,603,2024-08-18
264,Michael Elliott,Male,40,HR,Network Administrator,78917,4568,2024-08-21
265,Samuel Jarvis,Female,58,Procurement,Network Administrator,89902,4982,2024-09-05
266,Amber Yang,Male,34,R&D,Database Administrator,112726,1250,2024-08-26
269,Mary Ortega,Female,35,IT,Data Engineer,115590,1196,2024-09-12
272,Angela Love,Female,56,Sales,UI/UX Designer,88847,4092,2024-08-17
274,Philip Mendoza,Female,50,IT,Web Developer,70208,2922,2024-09-09
278,Elizabeth Johnson,Female,53,Customer Service,Project Manager,65111,3462,2024-08-17
284,Anna Jacobs,Female,58,HR,Technical Support,70326,3204,2024-08-21
285,Brooke Foster,Female,55,Customer Service,UI/UX Designer,63034,165,2024-08-14
286,Kyle Hawkins,Male,53,Sales,Database Administrator,52235,4254,2024-09-01
289,Joel Smith,Female,56,Procurement,UI/UX Designer,80784,4547,2024-08-18
290,Brett Rodriguez,Female,31,HR,DevOps Engineer,85174,1851,2024-08-21
293,Harry Day,Male,47,Legal,UI/UX Designer,100193,1659,2024-08-31
294,Clifford Duncan,Male,35,R&D,Software Engineer,103599,1739,2024-09-06
297,Sharon Bowman,Male,53,Procurement,UI/UX Designer,65237,721,2024-08-14
298,Mary Rodgers,Male,31,Procurement,IT Manager,112725,2041,2024-08-17
299,William Miller,Female,24,Procurement,Software Engineer,104955,4397,2024-09-06
304,Matthew Chase,Male,28,Customer Service,Network Administrator,111317,303,2024-09-02
306,Mr. Martin Lamb,Female,53,Sales,Software Engineer,64007,1457,2024-08-25
307,Shelby Scott,Male,25,Operations,Data Engineer,86049,4129,2024-08-23
308,Paul Moses,Female,54,Operations,Data Scientist,69927,4982,2024-09-03
314,Sandra Ramos,Female,52,Marketing,Software Engineer,83804,4903,2024-08-19
317,Jason Ortiz,Female,31,Sales,Security Analyst,99616,3935,2024-08-20
318,Michelle Fischer,Male,60,Customer Service,UI/UX Designer,86138,3449,2024-08-23
319,Leah Hughes,Male,41,HR,Security Analyst,57331,2744,2024-08-23
321,Michael Adams,Male,43,Marketing,Project Manager,59443,1737,2024-08-14
322,Joshua Wilkerson,Male,27,Customer Service,UI/UX Designer,105638,1760,2024-09-03
323,Mary Rodgers,Female,44,Legal,Network Administrator,59148,1926,2024-08-19
325,William Reeves,Female,36,Procurement,HR Manager,114186,1739,2024-09-04
326,Tiffany Gonzales,Female,47,Sales,Database Administrator,63256,2315,2024-08-19
327,Richard Long,Female,26,Customer Service,UI/UX Designer,85826,663,2024-09-02
328,Ryan Romero,Female,54,HR,IT Manager,107105,83,2024-08-29
332,Ricky Garrett,Female,56,Customer Service,Project Manager,115647,1453,2024-09-01
334,Kevin Jones,Female,24,Legal,Business Analyst,118007,353,2024-09-12
339,Erica Byrd,Female,33,Marketing,Network Administrator,58703,4904,2024-09-11
340,David Wright,Female,28,IT,HR Manager,106211,2410,2024-08-17
342,Christine Lin,Female,56,HR,Technical Support,110924,3077,2024-08-30
344,Travis Peck,Female,22,Sales,IT Manager,117503,3057,2024-08-21
345,John Jones,Female,27,Legal,Systems Analyst,95412,3607,2024-09-05
346,Joy Baker,Male,36,Legal,Software Engineer,76397,3056,2024-08-16
347,Natalie Sheppard,Female,22,IT,Data Scientist,81024,4470,2024-09-05
348,Victoria Jenkins,Female,57,HR,Business Analyst,74808,2115,2024-08-23
351,Jessica Clark,Female,24,Finance,Data Scientist,100610,1131,2024-09-11
352,Jamie Moore,Female,34,Customer Service,Network Administrator,60920,2159,2024-08-24
360,Angel Jones,Male,26,Finance,Software Engineer,84754,3357,2024-08-13
361,Jade Branch,Male,57,R&D,DevOps Engineer,52048,700,2024-08-15
362,Jessica Bishop,Female,23,Finance,Technical Support,51936,3943,2024-08-16
363,Jessica Bishop,Male,59,Customer Service,Business Analyst,93047,3556,2024-08-23
365,Claudia Anderson,Male,31,Procurement,Data Scientist,117560,2634,2024-09-11
366,Kathleen Sanchez,Male,31,Sales,DevOps Engineer,115753,855,2024-08-23
368,Sharon Harvey,Male,30,Finance,Software Engineer,52254,2890,2024-08-28
369,Angela Beasley,Female,40,Legal,IT Manager,76151,2503,2024-08-24
370,Samuel Jarvis,Male,43,Operations,Web Developer,84622,4559,2024-08-27
375,Ian Perez,Male,57,HR,Security Analyst,101186,268,2024-08-17
380,Patrick Hodges,Male,23,IT,Software Engineer,81150,2542,2024-08-30
381,Andrew Garcia,Male,30,Sales,Business Analyst,115088,4412,2024-09-11
383,Angela Love,Female,46,Procurement,Technical Support,95436,41,2024-09-11
385,Gloria Coleman,Male,31,Finance,Security Analyst,65330,4748,2024-08-26
386,Mitchell Rasmussen,Female,50,Finance,Security Analyst,81990,4842,2024-09-09
387,Joanne Liu,Male,30,Legal,Security Analyst,76431,3402,2024-09-02
388,Hannah Lang,Female,30,Procurement,Systems Analyst,80854,2835,2024-09-05
389,Mary Chan,Male,24,Finance,Software Engineer,100426,1850,2024-08-31
390,Meredith Chan DVM,Male,32,IT,Technical Support,50519,4668,2024-08-18
393,David Hall,Male,29,HR,HR Manager,60549,1217,2024-09-08
395,Joann Smith,Female,36,Procurement,HR Manager,105905,3436,2024-09-12
396,Jennifer Smith,Female,28,HR,UI/UX Designer,106121,1140,2024-09-10
398,James Richmond,Male,52,Legal,Data Scientist,68900,2260,2024-08-15
400,Dr. Daniel Gregory,Male,39,Legal,Technical Support,58979,4557,2024-08-27
401,Pamela Blackburn,Male,46,IT,Business Analyst,68502,4740,2024-08-21
403,Frank Palmer,Male,40,Marketing,Software Engineer,60226,4509,2024-08-31
405,Michelle Fischer,Female,34,R&D,Network Administrator,101710,4753,2024-08-15
406,Nicole Martin,Female,33,Legal,Data Engineer,73067,4932,2024-09-11
407,Anthony Villa,Male,27,Sales,Technical Support,60357,4702,2024-08-21
408,Andrew Sanchez,Female,39,Marketing,Systems Analyst,111364,1878,2024-08-26
409,Lynn Knight,Female,54,Legal,Data Engineer,62107,1107,2024-08-31
410,Howard Grant,Female,52,Finance,Security Analyst,86275,1943,2024-09-08
420,Dawn Wilson,Female,48,HR,Business Analyst,73242,1810,2024-09-02
423,William Weaver,Male,47,R&D,UI/UX Designer,76412,4020,2024-09-05
425,Mia Sullivan,Male,47,Legal,Technical Support,65601,548,2024-08-23
428,Jessica Peters,Male,40,R&D,Technical Support,108970,4234,2024-08-24
429,Rebecca Wilson,Male,51,Finance,IT Manager,90930,3608,2024-08-16
430,Sherry Ward,Female,54,R&D,Network Administrator,57469,134,2024-08-19
431,Margaret Peterson,Female,25,R&D,DevOps Engineer,100809,4222,2024-08-30
432,Anthony Ho,Female,26,Finance,UI/UX Designer,59676,2943,2024-08-29
433,Amy Collier,Male,53,Sales,Security Analyst,82832,2248,2024-09-12
435,William Weaver,Female,60,Procurement,Database Administrator,61225,14,2024-08-16
438,Amber Owens,Female,49,Marketing,UI/UX Designer,113463,3441,2024-09-12
440,Rachel Hanson,Female,37,Sales,Systems Analyst,73500,3575,2024-08-22
442,Connor Moreno,Female,59,Sales,Data Engineer,112905,3792,2024-08-31
443,Jamie Bradley,Female,54,Marketing,Business Analyst,109561,2502,2024-08-21
446,Emily Ortiz,Male,33,IT,HR Manager,73380,2248,2024-08-17
447,Madeline Flores,Female,40,R&D,IT Manager,119196,1923,2024-08-28
448,Margaret Lawrence,Female,57,Customer Service,Software Engineer,72476,4746,2024-09-11
452,Jessica Clark,Female,46,Customer Service,Database Administrator,78700,2674,2024-09-01
455,Erika Contreras,Male,57,R&D,Business Analyst,113831,347,2024-08-20
459,Vanessa Mullins,Female,49,Legal,Project Manager,104569,1359,2024-08-20
461,Kristine Newman,Male,37,Marketing,IT Manager,103586,943,2024-08-25
462,Brandon Harris,Male,23,Finance,Project Manager,89721,1371,2024-08-20
463,Melissa Torres,Female,33,Procurement,Project Manager,68919,826,2024-09-06
464,Mr. Donald Rivas,Male,35,Procurement,Network Administrator,68552,4642,2024-08-18
466,Diane Miller,Female,48,IT,Security Analyst,103043,4728,2024-08-17
468,Emily Ortiz,Male,57,Procurement,HR Manager,55709,3867,2024-09-05
469,Anthony Price,Female,36,Procurement,Web Developer,103970,459,2024-08-30
470,Allen Ray,Male,22,Finance,Network Administrator,115790,4119,2024-08-30
471,Patricia Hunt,Female,59,Procurement,Data Engineer,97430,2622,2024-09-05
473,Eric Carr,Male,44,HR,HR Manager,53526,1369,2024-08-23
477,Jared Bishop,Male,26,Sales,Business Analyst,62831,4014,2024-09-04
478,Larry Hawkins,Male,59,Operations,Software Engineer,61045,1082,2024-09-05
479,Tasha Mayo,Male,37,Procurement,Database Administrator,115707,2342,2024-09-03
480,Kayla Calhoun,Male,54,Marketing,DevOps Engineer,60480,3824,2024-08-20
481,Michelle Gomez,Female,39,Sales,Security Analyst,77710,4186,2024-09-11
484,Dana Rivera,Male,37,Customer Service,UI/UX Designer,107814,2367,2024-09-03
485,Anthony Gaines,Female,36,Marketing,Software Engineer,69132,932,2024-09-04
486,Kimberly Johnston,Male,57,IT,IT Manager,110962,3404,2024-09-09
488,Michael Adams,Male,35,R&D,UI/UX Designer,63051,3936,2024-08-13
489,Hannah Lang,Female,22,IT,Data Scientist,99648,4154,2024-08-25
495,Patrick Avila,Male,29,Marketing,IT Manager,115525,4040,2024-08-31
497,Rebecca Johnson,Female,47,Sales,HR Manager,96845,2079,2024-08-14
499,Ian Buchanan,Female,29,Sales,Project Manager,73881,246,2024-08-19
502,Crystal Hansen,Female,59,Finance,Business Analyst,87551,4651,2024-08-26
504,Nicole Craig,Female,55,HR,Database Administrator,100775,810,2024-09-02
505,Tasha Mayo,Female,59,IT,UI/UX Designer,116092,191,2024-08-20
507,Elizabeth Turner,Male,48,R&D,DevOps Engineer,64828,4072,2024-08-15
509,Jared Parker,Female,22,Marketing,HR Manager,92282,1544,2024-08-18
510,Francisco Adkins,Male,24,Sales,DevOps Engineer,97718,4096,2024-09-01
512,Martin Alexander,Female,52,R&D,Security Analyst,50707,637,2024-08-20
513,Dr. Mark Perez DDS,Male,51,R&D,Business Analyst,114219,2805,2024-08-20
516,Travis Patterson,Female,49,Operations,Web Developer,108113,1612,2024-08-16
518,Jessica Clark,Male,38,Finance,DevOps Engineer,60929,1372,2024-08-13
519,Miss Sherri Carter,Male,30,R&D,Security Analyst,94123,254,2024-09-05
520,Angel Jones,Male,41,Sales,HR Manager,82158,75,2024-09-01
524,Nathan Schwartz,Male,27,R&D,HR Manager,86751,697,2024-08-21
526,Nathan Schwartz,Male,46,Operations,Systems Analyst,80526,3368,2024-08-24
528,Richard Melton,Male,22,Procurement,Software Engineer,65049,725,2024-09-03
529,Katherine Stephenson,Female,56,Procurement,DevOps Engineer,99046,4168,2024-08-16
530,Tina Torres,Female,37,HR,IT Manager,82209,445,2024-09-06
534,Anthony Alvarado,Female,56,Finance,DevOps Engineer,62366,4594,2024-08-16
537,Kelly Hart,Female,58,Procurement,Business Analyst,102634,4120,2024-08-26
540,Elizabeth Bailey,Female,39,Legal,Software Engineer,117366,935,2024-09-10
541,Loretta Chang,Female,41,Legal,Network Administrator,56034,229,2024-09-04
542,Alison Steele,Female,40,IT,Web Developer,61949,4674,2024-08-24
544,Joseph Payne,Male,39,Procurement,DevOps Engineer,97763,3770,2024-09-09
548,Dr. Michael Griffin,Male,48,Operations,Database Administrator,81123,2305,2024-09-02
549,Catherine Washington,Male,29,Finance,IT Manager,85418,4348,2024-09-03
551,April Clark,Female,33,Operations,Systems Analyst,76649,4131,2024-09-01
557,Ian Perez,Male,24,Operations,DevOps Engineer,101929,4027,2024-08-21
558,James Richmond,Male,46,Marketing,HR Manager,101261,4482,2024-08-15
559,Holly Andrews,Female,23,Sales,HR Manager,99082,1276,2024-08-27
560,Christina Blackburn,Male,42,Finance,UI/UX Designer,72033,4589,2024-08-22
564,April Clark,Male,49,HR,IT Manager,104519,68,2024-08-15
565,Jeffrey Ryan,Female,55,Legal,Database Administrator,76983,2955,2024-08-15
566,John Allen,Female,59,Sales,DevOps Engineer,118330,3906,2024-09-01
568,Shelley Ruiz,Male,25,R&D,Software Engineer,80232,2109,2024-08-22
571,Francisco Adkins,Male,46,HR,Project Manager,74376,2484,2024-09-05
572,Christian Russo,Male,24,Legal,Data Scientist,110993,1627,2024-08-21
573,Joel Smith,Male,26,Marketing,IT Manager,75178,548,2024-08-25
575,Amy Hall,Female,36,Operations,Security Analyst,68233,2538,2024-09-09
576,Nichole Olson,Male,48,R&D,UI/UX Designer,74779,1256,2024-08-13
582,Jonathan Stewart,Female,34,HR,Database Administrator,61863,818,2024-09-07
583,Glen Williams,Male,52,Procurement,Data Engineer,118118,4813,2024-08-26
584,Julia Anthony,Female,46,Finance,Software Engineer,112905,3172,2024-09-09
586,Sandra Black,Male,29,R&D,IT Manager,64949,4337,2024-09-04
587,Joel Smith,Female,22,Procurement,Security Analyst,87938,4317,2024-08-28
588,William Young,Female,54,Procurement,Technical Support,64911,4505,2024-09-07
591,Terri Figueroa,Female,26,Marketing,Systems Analyst,85862,4320,2024-08-27
593,Nathan Morgan,Female,43,Procurement,Project Manager,98844,1283,2024-09-01
594,Kyle Hawkins,Male,42,Finance,Technical Support,91650,97,2024-08-24
597,Rodney Campbell,Female,38,Legal,Technical Support,64134,1293,2024-08-25
599,Debra Williams,Female,48,Legal,DevOps Engineer,62051,3903,2024-08-26
601,Robert Davis,Female,38,Marketing,HR Manager,68699,2744,2024-08-26
602,Cameron Brown,Female,35,Finance,IT Manager,50948,3425,2024-08-29
603,Sarah Ford,Female,22,Finance,Database Administrator,85840,3140,2024-08-31
604,Andrea Sanchez,Female,37,Finance,Network Administrator,118459,2683,2024-08-20
606,Ray Hernandez,Male,33,IT,Data Engineer,78901,675,2024-08-16
607,Joshua Wilkerson,Male,48,R&D,Technical Support,97347,1754,2024-09-04
608,Brittney Thompson,Female,44,Marketing,Database Administrator,90139,4283,2024-08-14
611,Patricia Sanchez,Male,39,Marketing,Business Analyst,103294,280,2024-09-02
616,Jessica Proctor,Female,43,Sales,Software Engineer,81450,2914,2024-08-25
618,Lindsey Anderson,Male,43,Finance,Technical Support,99124,3316,2024-08-22
620,Christine Williams,Female,25,Finance,Technical Support,72522,1910,2024-08-18
622,Mark Hines,Female,43,Legal,Systems Analyst,85294,667,2024-09-07
624,Sean Buchanan,Female,40,Legal,Security Analyst,54156,4917,2024-08-31
627,Jessica Mendoza,Male,33,Legal,Network Administrator,87713,4118,2024-09-05
628,Michael Tran,Male,49,IT,Security Analyst,81550,794,2024-09-10
629,Maria Hubbard,Male,43,Finance,Project Manager,83325,4169,2024-08-23
635,Ross Watson,Male,57,Sales,Business Analyst,81020,543,2024-08-17
636,Kayla Calhoun,Male,53,R&D,DevOps Engineer,111203,2515,2024-09-06
637,Daniel Mendoza,Male,45,Marketing,Project Manager,76027,4238,2024-08-31
638,Lisa Gonzalez,Male,47,Legal,Data Engineer,78031,913,2024-09-03
640,Jessica Higgins,Male,60,Finance,Network Administrator,106865,537,2024-08-22
643,Nicole Aguilar,Male,42,IT,Data Scientist,111951,4302,2024-08-18
644,Cory Mann,Male,33,Procurement,IT Manager,93393,1376,2024-08-25
645,Phillip Lewis,Male,50,Customer Service,Project Manager,110295,647,2024-08-29
646,Gary Horton,Female,32,Legal,Software Engineer,88100,1025,2024-09-08
647,Crystal Fernandez,Male,60,R&D,Software Engineer,107561,198,2024-09-06
648,Chad Johnson,Female,39,Procurement,Web Developer,85048,3803,2024-08-13
649,Garrett Rogers,Female,53,Operations,Network Administrator,77052,3835,2024-09-06
650,Cameron Brown,Female,26,IT,Systems Analyst,52464,3132,2024-09-01
651,Mrs. Natalie Gardner MD,Male,23,Marketing,HR Manager,77533,3318,2024-08-23
652,John Frey,Male,25,Legal,Data Engineer,107683,4662,2024-09-02
654,Matthew Pham,Male,45,HR,DevOps Engineer,116091,4181,2024-09-09
655,Sean Buchanan,Male,42,R&D,Technical Support,117886,3112,2024-09-02
657,Lori Mejia,Male,37,Finance,Security Analyst,58844,2593,2024-08-30
661,Jessica Bishop,Female,54,Finance,UI/UX Designer,100775,2332,2024-08-15
662,Erica Kaufman,Male,29,R&D,Data Engineer,51490,2917,2024-09-01
663,Jason Ortiz,Female,32,Finance,Business Analyst,90596,2798,2024-09-02
666,Alexander Murray,Female,53,Finance,DevOps Engineer,109559,4214,2024-08-31
669,Lindsey Hoffman,Male,33,Marketing,Web Developer,70521,3857,2024-08-21
670,Julie Tran,Female,44,Sales,DevOps Engineer,53647,3900,2024-08-16
671,Paula Moore,Female,30,Operations,Technical Support,116510,2079,2024-08-17
672,Diamond Gentry,Female,42,Customer Service,Business Analyst,100748,916,2024-08-22
674,Kayla Mcfarland,Male,53,Marketing,Data Engineer,114142,2808,2024-09-06
675,Stephen Davis,Female,44,Procurement,IT Manager,64325,3228,2024-09-01
676,William Young,Female,53,Sales,DevOps Engineer,73447,4305,2024-09-06
677,Yolanda Simpson,Female,23,Marketing,DevOps Engineer,51315,2342,2024-08-23
678,Jason Jensen,Male,26,IT,Database Administrator,51053,1646,2024-08-27
681,Ashley Young,Male,44,Sales,Technical Support,104293,402,2024-08-26
684,Richard Diaz,Male,51,Procurement,Systems Analyst,117150,795,2024-08-28
685,Nicholas Herrera,Male,28,HR,DevOps Engineer,102011,520,2024-08-17
687,Jerry Gonzales,Female,32,Procurement,Technical Support,111263,1788,2024-08-22
692,Ryan Proctor,Female,25,Sales,Data Scientist,90081,1864,2024-08-19
695,Louis Cunningham,Male,41,Operations,Network Administrator,108532,2056,2024-08-28
697,Victor Davis,Female,50,Operations,IT Manager,53573,1316,2024-08-27
698,Kyle Hawkins,Male,42,HR,Data Engineer,98672,1971,2024-08-19
699,Elizabeth Jones,Female,42,Sales,Software Engineer,85502,1874,2024-08-16
707,Daniel Johnson,Female,50,Finance,Technical Support,74474,3802,2024-08-30
711,Theresa Perry,Female,34,Operations,HR Manager,113630,4352,2024-09-05
712,Andre Evans,Male,23,Legal,Business Analyst,65976,4814,2024-08-17
715,Joshua Wilkerson,Male,40,Procurement,Web Developer,116542,3404,2024-08-18
718,Amy Collier,Female,36,Customer Service,Business Analyst,97979,1972,2024-08-15
721,Marc Tucker,Male,26,Operations,Data Scientist,81441,3944,2024-08-27
723,Dana Daniel,Male,39,Marketing,Data Engineer,71954,1450,2024-09-10
728,Dana Daniel,Female,24,IT,UI/UX Designer,95294,1121,2024-08-27
729,Connie Coffey,Female,39,Procurement,DevOps Engineer,118019,3125,2024-08-14
730,Kevin Hernandez,Male,27,HR,Business Analyst,52847,1917,2024-09-11
731,Rodney Campbell,Male,49,HR,DevOps Engineer,53152,3889,2024-08-23
734,Russell Ramirez,Male,55,Finance,Technical Support,69129,4385,2024-08-13
739,Carolyn Taylor,Male,24,Finance,Network Administrator,81696,4564,2024-08-30
741,Donna Powell,Male,34,Sales,HR Manager,110768,259,2024-08-29
742,Peter Beasley,Female,27,Marketing,Software Engineer,71096,1481,2024-08-27
745,Gary Horton,Female,33,Procurement,Systems Analyst,105161,1571,2024-08-29
748,Amanda Anderson,Female,50,Customer Service,DevOps Engineer,111738,3048,2024-08-16
749,William Moreno,Male,34,IT,UI/UX Designer,117340,3353,2024-08-18
750,Michael Mckay,Female,41,HR,Business Analyst,89256,2972,2024-08-30
751,Dr. Patricia Butler,Female,50,Customer Service,Web Developer,67200,3327,2024-09-11
753,Andrea Sanchez,Female,24,R&D,Network Administrator,111911,824,2024-09-01
754,Jaime Reeves,Male,57,Legal,Security Analyst,67517,4092,2024-08-15
756,Gabriela Thompson,Male,47,Sales,Project Manager,72863,2510,2024-08-21
757,Gina Newton,Female,49,Sales,Project Manager,106279,2609,2024-09-10
758,Sharon Bennett,Male,29,R&D,Data Engineer,85955,4520,2024-08-22
759,Joseph Garrison,Male,57,Finance,Web Developer,93523,1398,2024-08-22
760,Christopher Davis,Male,44,Procurement,IT Manager,69048,4604,2024-08-21
761,Kelly Ruiz,Female,35,Sales,Web Developer,77572,4104,2024-09-05
764,Alicia Reed,Male,59,R&D,UI/UX Designer,102041,2465,2024-08-17
765,Amber Owens,Male,55,Operations,Software Engineer,89089,1558,2024-08-20
767,Michelle Perez,Female,44,Sales,DevOps Engineer,79171,2142,2024-09-02
768,Julie Tran,Male,37,Procurement,Technical Support,52785,828,2024-09-09
769,Dean Cooper,Male,50,IT,Database Administrator,61466,86,2024-08-22
771,Adam Villarreal,Female,49,Marketing,Data Engineer,82275,365,2024-09-09
772,Mary Rodgers,Female,50,IT,DevOps Engineer,52224,1404,2024-08-28
773,Dr. Patricia Butler,Male,26,Finance,Project Manager,108860,177,2024-08-24
774,Tina Bowen,Male,58,Marketing,Database Administrator,109297,1481,2024-09-10
775,Tara White,Female,34,Customer Service,DevOps Engineer,52119,125,2024-08-13
776,Julia Walker,Female,29,Operations,Business Analyst,91474,3905,2024-09-02
777,Kimberly Jenkins,Female,60,Operations,DevOps Engineer,113662,2989,2024-08-20
779,Melinda Taylor,Female,56,Legal,Database Administrator,70976,341,2024-08-13
780,Michelle Miller,Female,59,IT,Security Analyst,97748,1347,2024-08-27
782,Brian Hammond,Male,45,IT,Web Developer,107540,1326,2024-09-02
783,Brittney Frazier,Female,25,Procurement,HR Manager,111417,2878,2024-09-09
784,Sandra Novak,Female,42,R&D,Software Engineer,100104,2915,2024-08-26
785,Maurice Pearson,Female,56,Operations,Data Engineer,56009,2388,2024-08-25
786,Stephen Lopez,Male,42,IT,Business Analyst,73218,1253,2024-08-23
788,Carolyn Hughes,Male,56,HR,Systems Analyst,74305,2199,2024-08-21
789,Jennifer Cruz,Female,54,Operations,Technical Support,103637,634,2024-08-13
792,Michelle Edwards,Female,27,Marketing,Business Analyst,84462,4601,2024-08-27
793,Richard Long,Female,48,HR,HR Manager,80848,2346,2024-09-10
794,Joseph Johnson,Male,49,R&D,Technical Support,80685,4577,2024-09-10
795,Jaime Reeves,Male,50,R&D,Data Scientist,100076,1224,2024-09-10
797,Joshua Jones,Male,39,Sales,IT Manager,64968,3176,2024-08-25
799,Andrew Aguirre,Female,42,Legal,Business Analyst,107382,3270,2024-08-19
800,Nancy Hartman,Male,36,Customer Service,DevOps Engineer,90114,4838,2024-08-13
802,Sharon Harvey,Female,36,R&D,Systems Analyst,119062,4194,2024-08-30
803,Michael Walker,Male,32,Procurement,Web Developer,86599,3923,2024-08-28
804,Martin Alexander,Male,49,HR,Security Analyst,117446,239,2024-09-02
805,Anna Jacobs,Male,49,Marketing,Data Engineer,54115,940,2024-09-10
808,Sheri Hensley,Female,45,Legal,Project Manager,56538,3584,2024-08-26
814,Adam Villarreal,Male,45,Operations,Business Analyst,66651,2147,2024-08-24
815,Andrea Hall,Female,59,Legal,Database Administrator,64456,1664,2024-08-29
817,Victor Davis,Male,46,Marketing,Software Engineer,111052,4032,2024-08-19
818,Tyler Hart,Male,55,Marketing,Systems Analyst,93231,3397,2024-09-03
819,Kristin Rasmussen,Male,40,IT,Security Analyst,64725,3220,2024-09-12
822,Elizabeth Torres MD,Male,48,Legal,Technical Support,111686,160,2024-09-04
824,Richard Hill,Female,39,Legal,Software Engineer,70304,2655,2024-08-17
826,Chad Hammond,Female,48,R&D,Technical Support,61093,3107,2024-08-25
827,Margaret Peterson,Female,43,Legal,Project Manager,84575,4549,2024-08-13
828,Maria Hubbard,Female,56,R&D,Systems Analyst,64862,2336,2024-08-21
830,Paula Moore,Female,46,HR,Technical Support,96537,4275,2024-09-01
832,Natalie Sheppard,Male,57,R&D,Web Developer,88266,4215,2024-09-01
836,Erica Hancock,Male,29,HR,Project Manager,119766,2869,2024-09-12
839,Mary Ortega,Male,38,Marketing,Technical Support,77428,3217,2024-09-08
840,Sandra Harrison,Female,30,IT,Data Scientist,95728,1413,2024-09-10
843,William Holder,Male,59,IT,Network Administrator,74107,1344,2024-08-30
844,Peggy Fletcher,Male,30,R&D,Systems Analyst,67199,1149,2024-08-22
846,Donna Powell,Female,58,Finance,Systems Analyst,66000,838,2024-08-17
857,Kelli Hicks,Female,24,R&D,Network Administrator,58841,4845,2024-08-14
858,Sherry Lewis,Male,46,Finance,Project Manager,108078,4401,2024-08-29
859,Jacqueline Peterson,Female,47,Finance,Data Scientist,75725,294,2024-08-15
860,Eric Johnson,Male,49,HR,Systems Analyst,107315,832,2024-08-26
861,Karen Bauer,Female,57,Operations,Technical Support,63891,4750,2024-09-12
862,Sarah Cunningham,Male,56,Sales,DevOps Engineer,89138,681,2024-08-21
864,Brian Townsend,Male,34,Customer Service,Database Administrator,68129,3393,2024-09-09
865,Nathan Morgan,Female,52,Customer Service,Project Manager,64187,4758,2024-08-18
866,John Brown,Female,26,Finance,Technical Support,67652,2100,2024-08-30
869,Robert Watson,Male,53,R&D,Technical Support,105339,2279,2024-09-01
870,Theresa Perry,Female,49,R&D,Software Engineer,103806,3080,2024-09-09
872,Natasha Cox,Female,48,Marketing,Data Scientist,84392,2196,2024-08-31
877,Anthony Price,Female,25,Procurement,Software Engineer,71230,2841,2024-09-01
878,Deborah Williams,Female,59,Sales,UI/UX Designer,109382,1958,2024-08-13
880,Christine Hood,Female,28,Sales,Database Administrator,97213,2962,2024-09-03
884,Miss Sherri Carter,Male,58,Marketing,UI/UX Designer,90316,4164,2024-08-13
885,Diana Miller,Male,42,IT,IT Manager,98629,4893,2024-09-01
890,Anna Jacobs,Male,37,R&D,Network Administrator,100228,216,2024-08-15
891,Dawn Carey,Male,59,Operations,Network Administrator,89030,446,2024-09-07
892,Kelly Perkins,Male,22,Operations,IT Manager,66535,567,2024-08-18
894,Dawn Johnson DDS,Male,24,Operations,Data Engineer,92815,4956,2024-08-16
895,Dr. Michael Griffin,Male,27,IT,Web Developer,118688,54,2024-08-16
898,Sean Bass,Female,55,R&D,Database Administrator,61852,2419,2024-09-11
901,Andrew Winters,Female,53,Marketing,Project Manager,66179,961,2024-09-08
902,Heidi Rocha,Female,38,Legal,UI/UX Designer,109312,4754,2024-08-30
904,Elizabeth White,Female,23,R&D,Business Analyst,96581,4310,2024-08-26
905,Johnny Wilson,Male,22,R&D,DevOps Engineer,93563,640,2024-09-01
909,Jesse Ferguson,Male,54,R&D,Technical Support,96850,1736,2024-08-16
910,Dr. Mark Perez DDS,Female,41,Operations,Data Scientist,110149,3584,2024-09-02
912,Charles Carpenter,Male,44,Sales,Database Administrator,118127,4645,2024-08-25
913,Rebecca Rubio,Male,32,Finance,Network Administrator,50974,2279,2024-08-15
915,Christopher Montgomery MD,Female,44,IT,DevOps Engineer,111213,2426,2024-09-09
918,Whitney Stevens,Female,58,IT,Network Administrator,61732,1828,2024-08-17
923,Donna Williams,Female,33,Customer Service,Security Analyst,109541,52,2024-08-30
924,Richard Diaz,Male,60,Procurement,Network Administrator,114127,780,2024-09-11
925,Karen Fields,Female,56,Sales,UI/UX Designer,62486,48,2024-08-23
927,Andrew Sanchez,Female,45,Customer Service,DevOps Engineer,111904,2234,2024-08-22
929,Sandra Freeman,Male,22,Sales,Database Administrator,90094,4594,2024-09-11
932,Christine Williams,Female,23,Legal,Data Engineer,87393,4225,2024-08-31
935,Joseph Morris,Male,47,Customer Service,DevOps Engineer,75483,3905,2024-08-17
936,Alison Adams,Male,56,Legal,DevOps Engineer,75626,2394,2024-08-20
939,Margaret Edwards,Female,29,Sales,Data Engineer,60017,245,2024-08-19
940,Claudia Craig,Female,39,HR,HR Manager,98773,2893,2024-08-20
941,Clifford Duncan,Male,59,Legal,Security Analyst,119162,2500,2024-09-03
943,Jimmy King,Female,58,Finance,Business Analyst,78144,4674,2024-08-13
949,Elizabeth Davis,Female,25,R&D,Business Analyst,93651,1528,2024-08-24
950,Crystal Fernandez,Female,42,Legal,HR Manager,80745,3237,2024-09-02
951,Michelle Miller,Male,46,Operations,Database Administrator,86499,4076,2024-09-03
952,Garrett Rogers,Male,56,Finance,Systems Analyst,71579,1153,2024-08-20
953,Mark Hines,Male,55,Procurement,Database Administrator,78886,4353,2024-09-07
955,Caleb Stephens,Female,25,Marketing,Business Analyst,94408,4540,2024-09-04
956,Albert Johnson,Female,33,Marketing,Data Engineer,99831,4355,2024-08-22
960,Patricia Leblanc,Female,48,Marketing,Security Analyst,105828,2832,2024-08-21
962,Michael Casey,Female,50,Marketing,Data Engineer,107490,230,2024-09-07
965,Yolanda Simpson,Female,55,Marketing,Technical Support,60951,783,2024-08-30
966,William Weaver,Male,31,HR,Web Developer,57183,1422,2024-08-15
970,Richard Diaz,Female,41,Customer Service,Software Engineer,53715,1737,2024-08-19
974,Douglas Stevens,Male,57,IT,UI/UX Designer,103180,3778,2024-08-14
975,Elijah Henderson,Female,37,HR,IT Manager,95486,3585,2024-08-16
976,Kelly Long,Female,49,Customer Service,Project Manager,68267,4264,2024-08-15
979,Savannah Thompson,Male,51,Procurement,Database Administrator,80021,4768,2024-08-28
980,Joseph Garrison,Female,51,Sales,Database Administrator,119887,2505,2024-09-12
982,Stephanie Parks,Male,36,Customer Service,Software Engineer,76171,4316,2024-09-01
983,Sara Davis,Male,57,Customer Service,IT Manager,107151,2484,2024-09-05
984,Matthew Peters,Female,56,Sales,DevOps Engineer,78964,4899,2024-09-11
986,Brandon Harris,Male,56,IT,Software Engineer,56177,2982,2024-08-27
987,Kelly Hughes,Female,28,Marketing,Project Manager,97106,2051,2024-08-31
989,Casey Moreno,Female,45,IT,Data Engineer,114278,1190,2024-08-29
991,Victoria Fox,Male,40,R&D,Security Analyst,88144,1349,2024-08-25
998,David Hall,Male,56,IT,Security Analyst,101883,6,2024-08-17
1000,Valerie Peterson,Male,41,Procurement,Business Analyst,106755,513,2024-08-26
1001,Michelle Perez,Male,35,R&D,Systems Analyst,112933,2812,2024-09-03
1002,Glen Williams,Male,25,IT,Technical Support,106138,4779,2024-08-22
1003,Michelle Miller,Male,54,HR,Technical Support,68103,4820,2024-08-17
1004,Jason Sullivan,Female,22,Operations,Data Engineer,74587,1190,2024-08-28
1006,Jacob Williamson,Female,56,Legal,UI/UX Designer,112807,1855,2024-08-18
1008,Kevin Hernandez,Male,44,Procurement,UI/UX Designer,119948,1768,2024-08-30
1011,Martin Allison,Female,56,Customer Service,IT Manager,88444,381,2024-08-16
1014,Timothy Roberts,Male,28,Legal,Software Engineer,61415,2497,2024-08-31
1016,Danielle Rose,Male,29,Finance,DevOps Engineer,92820,4944,2024-09-12
1019,Tara Wilkins,Female,23,Marketing,Network Administrator,106123,3544,2024-09-09
1026,Jessica Higgins,Female,53,Procurement,Systems Analyst,105454,354,2024-09-02
1027,Patrick Hodges,Male,48,Marketing,Project Manager,99115,4220,2024-08-28
1028,Cory Mann,Male,53,R&D,Security Analyst,113865,2095,2024-09-03
1030,David Mccarthy,Female,38,IT,DevOps Engineer,77829,4974,2024-09-04
1031,Joseph Irwin,Male,36,Marketing,UI/UX Designer,110857,3841,2024-08-15
1032,Connor Moreno,Male,24,Customer Service,Security Analyst,58572,25,2024-08-15
1036,Jennifer Smith,Male,30,IT,Network Administrator,115278,1256,2024-08-22
1038,Erika Garcia,Female,41,IT,Systems Analyst,76669,2528,2024-08-17
1039,Alison Steele,Male,37,HR,DevOps Engineer,89277,3841,2024-08-15
1040,Tonya Wilson,Female,52,Procurement,Software Engineer,85406,1219,2024-08-30
1043,Christopher Bowman,Male,48,Finance,HR Manager,96629,910,2024-09-09
1044,Douglas Rodriguez,Male,39,Marketing,Technical Support,95327,4598,2024-08-28
1046,Teresa Cook,Male,50,Sales,HR Manager,106636,4638,2024-09-03
1047,Miranda Rodriguez,Male,32,Sales,Project Manager,87087,3238,2024-09-06
1049,Chris Bean,Female,39,Customer Service,DevOps Engineer,105918,2927,2024-08-15
1050,Donna Powell,Female,37,Marketing,Security Analyst,99465,2215,2024-08-14
1054,Taylor Cohen,Male,57,Customer Service,Project Manager,93260,4918,2024-08-28
1057,Rebecca Foster,Male,50,R&D,Systems Analyst,82163,4575,2024-08-18
1058,Brandi Larson,Female,58,Legal,Network Administrator,71362,3309,2024-08-19
1061,Linda Jones,Female,35,Legal,Database Administrator,51542,4244,2024-09-05
1065,Elizabeth Hale,Female,57,Legal,Software Engineer,101126,3033,2024-08-27
1067,Brandon Guzman,Female,23,Marketing,Systems Analyst,101485,3698,2024-08-28
1068,David Harper,Male,42,Finance,Database Administrator,83085,3774,2024-09-06
1071,Daniel Adams,Male,34,R&D,Security Analyst,112027,3011,2024-09-09
1072,Donna Meyer,Male,44,Legal,Data Engineer,75036,880,2024-08-21
1074,Paul Moses,Male,52,IT,IT Manager,83175,1532,2024-08-29
1080,Marie Cook,Female,43,Legal,Business Analyst,75568,730,2024-09-11
1081,Tyler Reid,Male,36,Finance,Database Administrator,68354,2424,2024-08-23
1083,Julia Anthony,Female,35,Sales,Project Manager,105595,2016,2024-08-17
1084,Daniel Adams,Female,25,Legal,Web Developer,86829,619,2024-09-12
1087,Destiny Foster,Female,53,Finance,Systems Analyst,82265,4321,2024-08-17
1088,Karen Fields,Male,41,Marketing,Web Developer,58870,4571,2024-08-15
1089,Andrew Santos,Male,46,Marketing,DevOps Engineer,119612,2530,2024-09-06
1090,Amanda Anderson,Male,52,Legal,IT Manager,50211,457,2024-09-01
1097,Jennifer Sharp,Female,25,Legal,Database Administrator,115442,3958,2024-08-22
1099,Gina Ayala,Female,54,Marketing,Database Administrator,79748,1679,2024-09-01
1100,Eileen Fox,Male,33,Finance,Web Developer,108886,4349,2024-08-26
1102,Kimberly Warner,Male,51,Marketing,Database Administrator,88116,122,2024-09-02
1105,Shawn Doyle,Male,58,IT,DevOps Engineer,53360,3179,2024-09-07
1108,Dawn Johnson DDS,Female,38,Procurement,Database Administrator,85103,4609,2024-08-16
1110,Patrick Kennedy,Female,44,Sales,Database Administrator,116027,2438,2024-08-13
1113,Jamie Bradley,Male,40,Marketing,Project Manager,82527,4331,2024-08-20
1114,Ryan Proctor,Female,23,Customer Service,DevOps Engineer,100015,4143,2024-08-16
1115,Christine Brown,Male,26,Marketing,Security Analyst,108242,4929,2024-08-30
1119,Sarah Rivas,Female,43,Finance,IT Manager,92418,2419,2024-09-11
1120,Michael George,Female,58,Customer Service,Security Analyst,113029,1152,2024-08-26
1123,John Bryant,Female,45,HR,Software Engineer,61608,2891,2024-08-26
1125,Christina Brady,Male,37,Marketing,Systems Analyst,107089,692,2024-08-27
1129,Chris Bean,Female,26,Sales,IT Manager,59339,383,2024-09-05
1130,Ian Perez,Female,23,Operations,Web Developer,98546,3261,2024-08-20
1131,Wendy Hernandez,Male,37,R&D,UI/UX Designer,106939,3264,2024-08-31
1133,David Morris,Male,48,Operations,Business Analyst,50980,421,2024-09-08
1134,Shelly Patterson,Male,32,Customer Service,Software Engineer,100345,4432,2024-09-03
1135,Robert Griffith,Female,48,R&D,Web Developer,107655,1367,2024-09-08
1136,Anthony Riley,Female,28,IT,Business Analyst,71296,2255,2024-08-26
1137,Matthew Hernandez,Male,43,Marketing,Software Engineer,91868,4117,2024-08-30
1138,Patrick Avila,Female,24,Customer Service,Software Engineer,60730,4148,2024-08-28
1141,Brandon Harris,Female,34,HR,Database Administrator,77205,3566,2024-09-02
1143,Jeffery Hansen,Male,38,R&D,UI/UX Designer,59719,4818,2024-08-16
1144,Michael Castaneda,Female,60,IT,DevOps Engineer,97147,2962,2024-08-29
1149,Nathan Schwartz,Male,57,IT,Security Analyst,70446,375,2024-09-02
1150,Sarah Lee,Female,51,R&D,Database Administrator,107997,4956,2024-09-12
1152,Amy Collier,Male,60,HR,Data Engineer,87302,3843,2024-08-22
1154,David Bailey,Female,60,Marketing,UI/UX Designer,56313,3125,2024-08-25
1155,Martin Harris,Female,31,Legal,Security Analyst,79138,1652,2024-08-31
1159,Alexis Wang,Female,47,Sales,Data Scientist,119214,4668,2024-08-28
1160,Michael Tran,Male,29,Finance,Database Administrator,64103,196,2024-08-17
1162,Madison Escobar,Female,25,Legal,Technical Support,68937,3768,2024-08-27
1164,Kayla Mcfarland,Male,32,Operations,Project Manager,69955,3530,2024-09-04
1165,Natalie Bright,Female,43,R&D,IT Manager,96098,4333,2024-09-04
1166,Connie Coffey,Male,44,Finance,IT Manager,56361,608,2024-09-04
1167,Tristan Newman,Female,42,Finance,Project Manager,61713,2792,2024-09-06
1169,Dana Daniel,Female,28,Procurement,Data Engineer,62206,3294,2024-08-17
1170,Eric Lopez,Female,36,Marketing,Database Administrator,111628,4716,2024-09-11
1171,Franklin Jarvis,Female,47,Sales,UI/UX Designer,75016,3096,2024-09-07
1172,Johnny Wilson,Female,36,Finance,Security Analyst,95565,3956,2024-08-24
1175,Tammy Brewer,Male,44,Marketing,Data Engineer,57756,179,2024-08-30
1176,Stephanie Williams,Female,36,Finance,HR Manager,58877,173,2024-08-27
1177,Jessica Wilson,Male,43,Legal,Business Analyst,104228,1336,2024-08-27
1179,Diana Jensen,Male,40,R&D,Business Analyst,94731,222,2024-09-10
1182,William Walker,Female,43,Operations,IT Manager,50482,481,2024-09-12
1186,Maria Klein,Male,56,IT,Software Engineer,71201,4105,2024-08-17
1187,Jerry Macdonald,Male,50,Finance,HR Manager,96307,1228,2024-09-09
1192,Dawn Carey,Male,22,IT,HR Manager,64280,4187,2024-08-31
1194,David Mcbride,Male,44,Finance,HR Manager,80800,3435,2024-08-30
1195,Michelle Edwards,Female,23,Operations,Business Analyst,72341,923,2024-09-10
1197,Loretta Chang,Male,31,Sales,Technical Support,92534,3918,2024-08-19
1198,Samantha Serrano,Female,38,Customer Service,Software Engineer,61338,666,2024-08-26
1199,Maurice Pearson,Male,36,R&D,Security Analyst,99281,1756,2024-08-25
