CandidateID,Name,Gender,Age,Position,ApplicationDate,Status,InterviewDate,OfferStatus
1,Kevin Wright,Female,35,DevOps Engineer,2024-09-02,Rejected,,
2,Ralph Gonzalez,Male,35,Project Manager,2023-11-20,Rejected,2024-05-11,Hired
3,Ian Perez,Female,27,Data Engineer,2024-08-23,Rejected,,Hired
4,Gregory Romero,Male,59,HR Manager,2024-05-31,Interviewed,,Hired
5,Dawn Johnson DDS,Male,55,Security Analyst,2024-02-17,Rejected,2024-01-18,Hired
6,Larry Hawkins,Male,47,HR Manager,2024-08-02,Interviewed,,
7,Sarah Perry DDS,Female,42,Network Administrator,2024-03-25,Interviewed,,Hired
8,Patrick Reynolds,Female,60,UI/UX Designer,2024-04-20,Interviewed,,
9,Brian Wells,Female,36,IT Manager,2024-02-25,Interviewed,2023-12-27,Hired
10,Connie Coffey,Female,55,Database Administrator,2023-12-27,Rejected,2023-09-29,Hired
11,Anthony Riley,Female,56,Network Administrator,2024-06-02,Rejected,2023-12-05,Hired
12,Curtis Fisher,Male,34,Security Analyst,2024-03-23,Rejected,2024-01-01,Hired
13,Christian Russo,Female,31,Project Manager,2023-11-04,Interviewed,,
14,Michelle Gomez,Female,43,HR Manager,2024-06-03,Interviewed,2024-07-05,
15,William Robinson,Male,28,Network Administrator,2024-04-27,Interviewed,2024-02-11,Hired
16,Stephanie Williams,Male,24,Data Engineer,2024-04-05,Rejected,2024-04-02,
17,David Powell,Male,53,Security Analyst,2024-05-13,Rejected,2024-01-27,Hired
18,Debbie Orozco,Male,37,Data Engineer,2024-08-24,Rejected,2024-07-18,
19,Kyle Jones,Male,55,Data Scientist,2024-08-08,Interviewed,,
20,Louis Cunningham,Female,31,Software Engineer,2024-07-23,Interviewed,,Hired
21,David Morris,Male,55,Project Manager,2024-03-24,Rejected,,Hired
22,Sabrina King,Female,26,HR Manager,2024-05-07,Rejected,,Hired
23,Annette Fleming,Female,25,IT Manager,2024-01-31,Interviewed,2023-12-02,
24,Samuel Glass,Female,53,Technical Support,2023-10-17,Rejected,,Hired
25,Gregory Romero,Female,41,UI/UX Designer,2023-11-29,Rejected,,Hired
26,Benjamin Campbell,Female,49,Software Engineer,2024-03-23,Interviewed,2024-03-11,Hired
27,Angel Jones,Male,39,Security Analyst,2024-01-15,Rejected,,Hired
28,Aaron Adams,Male,40,DevOps Engineer,2024-01-06,Rejected,,Hired
29,Patricia Clayton,Male,58,Software Engineer,2024-01-29,Rejected,2024-01-29,Hired
30,Elizabeth Miller,Female,56,HR Manager,2024-08-19,Rejected,,
31,Joel Smith,Female,53,UI/UX Designer,2024-08-18,Rejected,,Hired
32,Kayla Taylor,Male,46,Project Manager,2023-11-26,Rejected,2023-12-26,
33,Sarah Maxwell,Male,46,Business Analyst,2024-05-25,Interviewed,2024-05-18,
34,Mary Olson,Male,46,UI/UX Designer,2023-12-21,Rejected,2024-01-31,Hired
35,Jade Branch,Male,37,UI/UX Designer,2023-11-13,Rejected,,Hired
36,Julie Tran,Female,22,UI/UX Designer,2024-07-11,Rejected,,
37,Paul Fuller,Male,57,Network Administrator,2024-02-05,Rejected,2023-12-22,Hired
38,Ivan Atkinson,Male,22,Web Developer,2024-07-09,Rejected,,
39,Ariana Diaz,Female,49,UI/UX Designer,2023-11-13,Interviewed,,Hired
40,William Thompson,Female,57,Data Scientist,2024-02-14,Rejected,2024-04-05,Hired
41,Glen Williams,Male,48,Data Engineer,2024-04-03,Rejected,,
42,Brad Richardson,Female,34,Project Manager,2024-06-05,Rejected,,
43,Clifford Duncan,Male,40,UI/UX Designer,2024-08-17,Rejected,2024-02-18,Hired
44,Gary Horton,Male,43,Technical Support,2024-01-23,Rejected,,
45,Michael Castaneda,Male,56,Security Analyst,2024-01-01,Rejected,2024-06-15,Hired
46,John Morrison,Male,60,IT Manager,2024-07-17,Interviewed,2024-09-09,
47,John Payne,Male,34,Web Developer,2024-07-05,Interviewed,2024-01-08,Hired
48,Ryan Proctor,Female,57,Database Administrator,2023-12-22,Rejected,2024-03-23,
49,Eric Johnson,Female,49,UI/UX Designer,2023-10-20,Rejected,,Hired
50,Margaret Torres,Male,24,Data Scientist,2024-05-21,Interviewed,,Hired
51,Michael Tran,Male,24,Business Analyst,2023-10-02,Rejected,,
52,Michael Davis,Male,43,Technical Support,2023-11-14,Interviewed,,
53,Adrienne Moon,Male,38,UI/UX Designer,2024-07-06,Rejected,,Hired
54,Terri Figueroa,Female,56,Software Engineer,2024-06-30,Interviewed,2023-11-19,Hired
55,Jennifer Smith,Female,53,DevOps Engineer,2023-11-13,Rejected,,
56,Douglas Rodriguez,Female,30,Systems Analyst,2023-10-11,Interviewed,,
57,Loretta Chang,Male,34,Security Analyst,2024-09-12,Interviewed,,Hired
58,Benjamin Campbell,Female,33,Data Scientist,2024-07-15,Interviewed,,
59,Tina Torres,Female,60,Systems Analyst,2023-12-08,Interviewed,2024-07-01,
60,Megan Hill,Male,37,HR Manager,2023-10-04,Rejected,2024-01-01,Hired
61,Jonathan Huynh,Female,52,Project Manager,2024-03-14,Interviewed,2024-05-26,
62,Amber Yang,Male,53,Project Manager,2023-11-28,Rejected,2023-11-08,
63,Victoria Shannon,Female,45,Software Engineer,2023-12-23,Rejected,,Hired
64,Diane Miller,Male,39,Systems Analyst,2024-07-15,Interviewed,,
65,Jaime Reeves,Male,43,DevOps Engineer,2024-01-12,Interviewed,,Hired
66,Vanessa Mullins,Male,57,DevOps Engineer,2023-10-06,Rejected,2024-05-03,
67,Carlos Ray,Male,50,Systems Analyst,2023-11-06,Rejected,2023-11-06,
68,Franklin Jarvis,Female,60,DevOps Engineer,2023-10-26,Rejected,,Hired
69,Jacob Williams,Female,40,HR Manager,2024-02-16,Interviewed,2023-10-28,Hired
70,Michelle Clay,Male,30,Database Administrator,2023-09-25,Rejected,,Hired
71,John Robertson,Female,50,IT Manager,2023-10-07,Interviewed,,Hired
72,Glen Williams,Male,31,IT Manager,2024-02-13,Interviewed,2024-01-26,
73,Sharon Owens,Male,24,Security Analyst,2023-11-11,Interviewed,,Hired
74,Jade Branch,Male,32,Data Scientist,2024-09-04,Interviewed,2023-09-16,Hired
75,Tyler Reid,Female,31,Data Scientist,2023-10-18,Interviewed,,
76,Sarah Leblanc,Female,55,DevOps Engineer,2024-08-12,Interviewed,,
77,William Walker,Male,37,Technical Support,2024-02-20,Interviewed,,Hired
78,Joshua Zuniga,Male,58,Business Analyst,2024-07-11,Rejected,2023-09-17,
79,Peter Beasley,Male,29,Business Analyst,2023-12-24,Interviewed,,Hired
80,Mary Walker,Female,49,DevOps Engineer,2024-08-09,Rejected,2024-01-30,Hired
81,Brian Townsend,Male,52,Data Scientist,2024-05-19,Rejected,2024-07-16,Hired
82,Martin Allison,Female,60,HR Manager,2023-12-23,Rejected,,
83,Jordan Williams,Female,47,Project Manager,2023-11-14,Rejected,,
84,Anthony Castillo PhD,Male,47,Technical Support,2024-02-08,Interviewed,2023-10-05,
85,Brandon Adams,Male,42,Software Engineer,2023-10-10,Rejected,,
86,Dr. Devon Reed,Female,57,UI/UX Designer,2024-07-05,Interviewed,,Hired
87,James Montoya,Male,42,Business Analyst,2024-02-14,Interviewed,2023-12-10,
88,Sandra Novak,Male,50,DevOps Engineer,2024-09-06,Interviewed,2023-12-12,
89,Jerry Gonzales,Female,39,Systems Analyst,2024-06-22,Interviewed,,
90,Kristine Newman,Female,36,Systems Analyst,2024-06-23,Interviewed,,Hired
91,Douglas Barker,Male,25,Web Developer,2024-07-09,Interviewed,,Hired
92,Kyle Jones,Male,59,Project Manager,2024-06-24,Rejected,,Hired
93,Michelle Lopez,Female,47,Security Analyst,2023-10-24,Rejected,,
94,Jamie Gordon,Female,36,Data Scientist,2024-03-11,Rejected,2023-10-01,
95,Adrian Sullivan,Female,37,Data Scientist,2023-12-12,Rejected,,Hired
96,Daniel Short,Male,49,Network Administrator,2023-10-05,Interviewed,2023-09-18,Hired
97,Mitchell Rasmussen,Male,39,Data Scientist,2024-06-23,Rejected,,Hired
98,Corey Castillo,Male,26,Software Engineer,2024-07-31,Interviewed,,
99,Natasha Rhodes,Female,56,IT Manager,2024-03-01,Rejected,,Hired
100,Michael King,Female,59,Systems Analyst,2024-09-05,Rejected,2024-02-17,
101,Joshua Hernandez,Male,36,Business Analyst,2023-12-11,Interviewed,,
102,Annette Fleming,Male,56,Web Developer,2024-07-27,Interviewed,2023-09-17,
103,Dr. Jason Mcneil,Male,43,Data Engineer,2024-03-20,Rejected,2023-10-16,Hired
104,Ryan Garcia,Female,40,Project Manager,2023-09-20,Rejected,2023-10-07,Hired
105,Robert Shah,Female,56,Web Developer,2024-01-29,Rejected,,
106,Sarah Tran,Female,22,Web Developer,2024-04-08,Interviewed,,Hired
107,Edward Aguilar,Female,49,Data Scientist,2024-06-02,Interviewed,,
108,Thomas Curry,Male,43,Software Engineer,2024-08-29,Interviewed,,
109,Hunter Henson,Male,47,Database Administrator,2023-09-27,Interviewed,2023-09-15,Hired
110,Ryan Romero,Male,52,Data Engineer,2024-06-15,Interviewed,2024-06-13,Hired
111,Ryan Lawrence,Female,57,IT Manager,2024-08-03,Rejected,2024-01-11,
112,Christopher Knapp,Female,33,DevOps Engineer,2024-04-19,Interviewed,2023-09-22,
113,Anthony Morales,Female,43,Technical Support,2024-01-13,Interviewed,,
114,Daniel Short,Male,36,Business Analyst,2023-11-25,Rejected,,Hired
115,Joseph Young,Male,24,Network Administrator,2024-06-11,Interviewed,,Hired
116,Kristen Walker,Female,29,Database Administrator,2024-05-16,Interviewed,2024-03-02,Hired
117,Michael Ramirez,Male,52,Network Administrator,2024-07-23,Interviewed,,Hired
118,Christy Lee,Female,44,Database Administrator,2023-10-14,Interviewed,2024-08-03,
119,Nichole Stanley,Male,45,DevOps Engineer,2023-10-12,Rejected,,Hired
120,Kayla Mcfarland,Female,32,Technical Support,2023-09-27,Rejected,,
121,Michael Cooper,Female,49,Database Administrator,2024-04-28,Interviewed,,Hired
122,Kim Lang,Male,33,DevOps Engineer,2024-03-08,Interviewed,2024-01-30,
123,Darrell Porter,Male,52,Network Administrator,2024-04-09,Rejected,,
124,Claudia Anderson,Female,25,Web Developer,2024-04-11,Rejected,,Hired
125,Juan Foley,Female,52,Technical Support,2024-01-31,Rejected,2024-01-20,
126,Christina Garcia,Female,43,Technical Support,2023-09-19,Rejected,2023-10-05,Hired
127,Kristin Henson,Female,33,DevOps Engineer,2024-02-28,Rejected,,Hired
128,Brandi Larson,Male,35,Web Developer,2023-12-28,Rejected,2024-08-26,
129,Dawn Johnson DDS,Female,43,Project Manager,2023-11-15,Interviewed,,Hired
130,John Payne,Male,29,HR Manager,2024-06-10,Rejected,2024-06-09,
131,Samantha Serrano,Female,50,Software Engineer,2024-08-10,Rejected,,
132,Alexis Wang,Male,48,DevOps Engineer,2023-12-15,Interviewed,,
133,Kyle Hawkins,Male,28,Business Analyst,2024-05-25,Interviewed,,
134,Victoria Willis,Male,46,Security Analyst,2023-11-19,Rejected,,Hired
135,Cynthia Andrews,Male,59,Network Administrator,2024-05-11,Rejected,2024-01-04,Hired
136,Desiree Bailey MD,Female,47,Data Engineer,2024-08-20,Rejected,,
137,Nicole Newton,Female,30,Technical Support,2024-02-26,Rejected,2024-06-24,
138,James Roy,Male,56,UI/UX Designer,2024-05-09,Interviewed,,Hired
139,Eileen Fox,Female,34,Database Administrator,2024-05-12,Rejected,2023-09-20,
140,Marc Tucker,Male,27,IT Manager,2023-09-19,Interviewed,,Hired
141,Wendy Banks,Male,52,Security Analyst,2024-02-23,Interviewed,,
142,Paul Fuller,Female,49,IT Manager,2024-09-11,Interviewed,,
143,Jeffrey Reyes,Male,55,Data Scientist,2024-03-13,Interviewed,,Hired
144,Alexander Murray,Male,54,Systems Analyst,2024-05-12,Rejected,,Hired
145,Christina Garcia,Male,36,Project Manager,2024-07-19,Rejected,,Hired
146,Aaron Munoz,Male,49,Technical Support,2023-11-13,Interviewed,,
147,Brandi Larson,Male,45,Data Engineer,2024-07-10,Rejected,2024-02-26,Hired
148,Kylie Harrington,Male,37,Network Administrator,2024-07-15,Rejected,2024-06-16,Hired
149,Timothy Lewis,Female,50,IT Manager,2024-08-09,Rejected,2024-08-09,Hired
150,Tristan Newman,Male,48,Data Engineer,2024-05-29,Rejected,2023-11-01,
151,Stephen Lopez,Female,56,Technical Support,2023-10-30,Rejected,,Hired
152,Dr. Daniel Gregory,Female,27,Web Developer,2024-07-25,Interviewed,2024-06-03,Hired
153,Gregory Romero,Male,56,Web Developer,2024-05-24,Rejected,2024-06-11,
154,Troy Long,Female,52,Security Analyst,2023-09-21,Interviewed,2023-10-04,
155,Tanya Rose,Female,54,UI/UX Designer,2024-03-27,Rejected,,
156,Kristin Rasmussen,Female,49,Software Engineer,2024-03-31,Rejected,,
157,Anna Simmons,Female,49,DevOps Engineer,2023-10-03,Rejected,,
158,Kristine Cuevas,Male,30,Network Administrator,2023-11-14,Rejected,,
159,Kelly Perkins,Male,25,Data Engineer,2024-07-11,Interviewed,2023-11-19,
160,David Morris,Male,32,Database Administrator,2024-07-11,Interviewed,2024-07-02,
161,Dominique Williams,Male,38,Software Engineer,2023-12-24,Rejected,,
162,Mark Williams,Male,23,Software Engineer,2024-05-31,Interviewed,2023-11-24,
163,Desiree Williamson,Female,54,Database Administrator,2024-06-12,Rejected,2024-03-28,
164,Michael Elliott,Male,40,Network Administrator,2024-08-19,Rejected,,Hired
165,Samuel Jarvis,Female,58,Network Administrator,2023-09-17,Interviewed,,Hired
166,Amber Yang,Male,34,Database Administrator,2023-12-17,Rejected,2024-06-22,Hired
167,Lisa Wilson,Male,29,HR Manager,2024-06-03,Interviewed,,
168,Daniel Ballard,Female,60,Business Analyst,2023-09-26,Rejected,2024-04-20,
169,Mary Ortega,Female,35,Data Engineer,2023-10-15,Interviewed,2024-05-07,Hired
170,Jonathan Shepard,Female,43,IT Manager,2024-01-13,Rejected,2024-01-03,
171,Heidi Rocha,Female,37,Security Analyst,2023-12-28,Interviewed,,
172,Angela Love,Female,56,UI/UX Designer,2023-10-26,Interviewed,,Hired
173,Ann Kim,Male,36,Network Administrator,2023-09-26,Interviewed,2023-10-24,
174,Philip Mendoza,Female,50,Web Developer,2024-05-21,Interviewed,2024-07-05,Hired
175,Charles Carpenter,Female,24,IT Manager,2024-08-14,Interviewed,,
176,Amber Mason,Male,26,IT Manager,2024-01-01,Interviewed,2024-09-12,
177,Ryan Proctor,Male,58,Data Scientist,2023-09-14,Interviewed,,
178,Elizabeth Johnson,Female,53,Project Manager,2024-03-07,Interviewed,2024-03-14,Hired
179,William Robinson,Female,25,Software Engineer,2024-07-30,Interviewed,2024-05-29,
180,Ruben Boyle,Female,56,Web Developer,2024-06-08,Interviewed,,
181,Cheryl Harrison,Male,34,Security Analyst,2024-05-03,Rejected,2024-03-09,
182,Rebecca Foster,Male,37,Web Developer,2024-03-27,Rejected,,
183,Jennifer Lutz,Male,42,IT Manager,2024-06-26,Rejected,,
184,Anna Jacobs,Female,58,Technical Support,2024-06-16,Interviewed,2024-07-14,Hired
185,Brooke Foster,Female,55,UI/UX Designer,2024-04-12,Rejected,,Hired
186,Kyle Hawkins,Male,53,Database Administrator,2024-03-13,Rejected,,Hired
187,Claudia Anderson,Female,32,Data Scientist,2023-11-08,Interviewed,,
188,Tara White,Female,50,UI/UX Designer,2024-04-25,Rejected,,
189,Joel Smith,Female,56,UI/UX Designer,2024-03-01,Rejected,2023-11-23,Hired
190,Brett Rodriguez,Female,31,DevOps Engineer,2024-09-06,Interviewed,2024-05-10,Hired
191,Alexander Murray,Female,47,Web Developer,2024-07-12,Rejected,,
192,Frank Palmer,Female,37,Data Scientist,2023-12-25,Rejected,2024-04-21,
193,Harry Day,Male,47,UI/UX Designer,2024-05-07,Rejected,,Hired
194,Clifford Duncan,Male,35,Software Engineer,2023-10-18,Interviewed,,Hired
195,Justin Martin,Male,45,Technical Support,2024-08-09,Interviewed,2024-05-20,
196,Jane Todd,Female,40,UI/UX Designer,2023-12-16,Interviewed,2024-01-13,
197,Sharon Bowman,Male,53,UI/UX Designer,2024-04-07,Rejected,,Hired
198,Mary Rodgers,Male,31,IT Manager,2023-12-26,Rejected,,Hired
199,William Miller,Female,24,Software Engineer,2023-09-21,Rejected,,Hired
200,Michelle Miller,Female,49,Web Developer,2023-10-18,Rejected,,
201,Jason Sullivan,Female,49,Software Engineer,2024-03-19,Rejected,2024-02-19,
202,Joseph Garrison,Male,48,HR Manager,2023-10-01,Rejected,,
203,Joseph Simon,Female,45,Web Developer,2024-08-29,Rejected,,
204,Matthew Chase,Male,28,Network Administrator,2024-05-11,Interviewed,,Hired
205,Amber Owens,Female,49,Data Scientist,2024-03-06,Interviewed,,
206,Mr. Martin Lamb,Female,53,Software Engineer,2024-01-12,Rejected,2023-12-10,Hired
207,Shelby Scott,Male,25,Data Engineer,2024-08-23,Interviewed,,Hired
208,Paul Moses,Female,54,Data Scientist,2024-02-16,Rejected,,Hired
209,Pamela Blackburn,Female,45,Software Engineer,2024-08-26,Rejected,,
210,Terri Figueroa,Female,37,UI/UX Designer,2024-07-19,Interviewed,,
211,Rebecca Smith,Female,52,Project Manager,2024-09-01,Interviewed,2024-05-30,
212,Tonya Wilson,Male,24,IT Manager,2024-08-15,Rejected,,
213,Katherine Stephenson,Male,35,DevOps Engineer,2023-12-19,Rejected,,
214,Sandra Ramos,Female,52,Software Engineer,2024-06-15,Rejected,2023-11-14,Hired
215,James Johnson,Female,36,Network Administrator,2023-12-14,Rejected,2024-03-06,
216,Rebecca Beltran,Female,55,Web Developer,2024-05-25,Rejected,,
217,Jason Ortiz,Female,31,Security Analyst,2024-06-23,Interviewed,2024-01-18,Hired
218,Michelle Fischer,Male,60,UI/UX Designer,2023-10-15,Rejected,,Hired
219,Leah Hughes,Male,41,Security Analyst,2023-11-08,Rejected,2023-09-26,Hired
220,Andre Cole,Female,27,Data Engineer,2024-06-07,Interviewed,,
221,Michael Adams,Male,43,Project Manager,2023-10-26,Interviewed,2024-01-15,Hired
222,Joshua Wilkerson,Male,27,UI/UX Designer,2023-10-30,Rejected,,Hired
223,Mary Rodgers,Female,44,Network Administrator,2024-02-28,Rejected,2024-08-20,Hired
224,Erin Johnson,Male,53,Data Scientist,2024-03-30,Rejected,2024-07-31,
225,William Reeves,Female,36,HR Manager,2024-05-05,Interviewed,2024-02-18,Hired
226,Tiffany Gonzales,Female,47,Database Administrator,2023-09-23,Interviewed,,Hired
227,Richard Long,Female,26,UI/UX Designer,2024-06-20,Interviewed,2024-02-27,Hired
228,Ryan Romero,Female,54,IT Manager,2024-04-11,Rejected,2024-08-13,Hired
229,Cole Arnold,Female,39,UI/UX Designer,2024-04-05,Rejected,2024-05-23,
230,Edward Benjamin,Female,35,Technical Support,2024-08-05,Interviewed,,
231,Mary Rodgers,Male,56,Software Engineer,2024-05-23,Interviewed,,
232,Ricky Garrett,Female,56,Project Manager,2024-08-17,Interviewed,,Hired
233,Gabriela Thompson,Male,48,Data Engineer,2024-08-30,Interviewed,,
234,Kevin Jones,Female,24,Business Analyst,2024-07-14,Interviewed,,Hired
235,Victoria Jenkins,Male,28,Systems Analyst,2024-08-05,Rejected,2024-03-01,
236,Andrea Hall,Male,50,Web Developer,2024-03-10,Interviewed,2023-10-10,
237,Jonathan Lucas,Male,28,UI/UX Designer,2024-07-18,Interviewed,,
238,Jennifer Santos,Male,44,Database Administrator,2024-01-02,Rejected,2023-11-01,
239,Erica Byrd,Female,33,Network Administrator,2024-04-05,Interviewed,,Hired
240,David Wright,Female,28,HR Manager,2023-11-24,Interviewed,,Hired
241,Stacey Young,Male,45,IT Manager,2023-09-21,Rejected,,
242,Christine Lin,Female,56,Technical Support,2024-01-25,Interviewed,2024-06-25,Hired
243,Nichole Stanley,Male,33,Database Administrator,2024-07-22,Interviewed,2024-06-03,
244,Travis Peck,Female,22,IT Manager,2024-03-21,Rejected,,Hired
245,John Jones,Female,27,Systems Analyst,2024-04-07,Rejected,,Hired
246,Joy Baker,Male,36,Software Engineer,2024-02-11,Interviewed,,Hired
247,Natalie Sheppard,Female,22,Data Scientist,2024-03-27,Interviewed,,Hired
248,Victoria Jenkins,Female,57,Business Analyst,2024-09-02,Interviewed,,Hired
249,Jacqueline Ramirez,Male,36,Data Engineer,2023-12-09,Interviewed,,
250,Douglas Kane,Female,48,Network Administrator,2024-01-15,Interviewed,2024-04-08,
251,Jessica Clark,Female,24,Data Scientist,2024-01-16,Rejected,,Hired
252,Jamie Moore,Female,34,Network Administrator,2024-04-12,Interviewed,2024-09-05,Hired
253,Lauren Buchanan,Female,37,Technical Support,2024-03-12,Interviewed,,
254,Michael Ramirez,Female,39,DevOps Engineer,2024-07-17,Rejected,2024-07-28,
255,Julia Walker,Male,47,Database Administrator,2023-11-16,Rejected,2024-03-01,
256,Chris Bean,Female,33,Data Scientist,2023-09-27,Rejected,2024-03-14,
257,Sara Vincent,Male,33,HR Manager,2024-01-06,Interviewed,,
258,Tammy Garcia,Male,31,Security Analyst,2024-03-24,Interviewed,2024-03-08,
259,Melissa York,Male,58,DevOps Engineer,2024-01-24,Interviewed,,
260,Angel Jones,Male,26,Software Engineer,2024-02-05,Rejected,2024-05-20,Hired
261,Jade Branch,Male,57,DevOps Engineer,2024-01-15,Interviewed,2023-12-02,Hired
262,Jessica Bishop,Female,23,Technical Support,2024-06-16,Interviewed,2024-06-16,Hired
263,Jessica Bishop,Male,59,Business Analyst,2023-12-01,Interviewed,,Hired
264,David Hall,Male,42,Web Developer,2024-01-11,Rejected,2024-01-12,
265,Claudia Anderson,Male,31,Data Scientist,2024-07-09,Rejected,,Hired
266,Kathleen Sanchez,Male,31,DevOps Engineer,2024-02-16,Rejected,2024-08-30,Hired
267,Rebecca Perkins,Female,53,Business Analyst,2024-01-30,Rejected,,
268,Sharon Harvey,Male,30,Software Engineer,2024-01-25,Rejected,2024-01-03,Hired
269,Angela Beasley,Female,40,IT Manager,2024-06-22,Rejected,2024-02-23,Hired
270,Samuel Jarvis,Male,43,Web Developer,2023-11-18,Rejected,2024-02-17,Hired
271,Christopher Mcintyre,Male,29,Systems Analyst,2024-06-05,Interviewed,,
272,Mary Rodgers,Male,31,Data Scientist,2024-05-04,Rejected,,
273,Jose Smith,Female,33,Project Manager,2024-07-09,Rejected,,
274,Jennifer Santos,Male,59,HR Manager,2023-11-23,Rejected,2023-11-07,
275,Ian Perez,Male,57,Security Analyst,2024-07-02,Rejected,,Hired
276,Rita Manning,Female,52,HR Manager,2024-01-28,Interviewed,,
277,Frank Palmer,Female,49,Technical Support,2024-01-27,Rejected,2024-04-22,
278,Linda Frazier,Male,29,IT Manager,2023-10-30,Interviewed,,
279,Jaclyn Jones,Male,45,Technical Support,2023-11-24,Interviewed,2024-03-28,
280,Patrick Hodges,Male,23,Software Engineer,2024-06-24,Interviewed,,Hired
281,Andrew Garcia,Male,30,Business Analyst,2023-10-31,Interviewed,,Hired
282,Tammy Brewer,Male,41,UI/UX Designer,2024-01-03,Rejected,2024-03-21,
283,Angela Love,Female,46,Technical Support,2024-03-29,Interviewed,,Hired
284,Mr. Isaac Conrad,Male,56,UI/UX Designer,2024-06-21,Rejected,2024-02-05,
285,Gloria Coleman,Male,31,Security Analyst,2023-09-13,Rejected,,Hired
286,Mitchell Rasmussen,Female,50,Security Analyst,2024-02-03,Rejected,2023-09-20,Hired
287,Joanne Liu,Male,30,Security Analyst,2024-06-15,Interviewed,,Hired
288,Hannah Lang,Female,30,Systems Analyst,2024-01-18,Rejected,,Hired
289,Mary Chan,Male,24,Software Engineer,2023-11-28,Rejected,,Hired
290,Meredith Chan DVM,Male,32,Technical Support,2024-06-30,Rejected,,Hired
291,Nicole Craig,Female,29,Data Engineer,2024-01-18,Rejected,2024-07-04,
292,James Richmond,Male,34,Web Developer,2023-10-16,Interviewed,,
293,David Hall,Male,29,HR Manager,2024-04-03,Interviewed,2024-09-04,Hired
294,Christopher Becker,Female,27,Web Developer,2023-12-12,Rejected,2023-11-14,
295,Joann Smith,Female,36,HR Manager,2024-03-11,Interviewed,2023-12-30,Hired
296,Jennifer Smith,Female,28,UI/UX Designer,2024-08-27,Interviewed,,Hired
297,Heidi Jacobs,Female,35,HR Manager,2023-12-11,Interviewed,,
298,James Richmond,Male,52,Data Scientist,2024-07-19,Rejected,2024-05-29,Hired
299,William Young,Male,56,Network Administrator,2024-07-26,Rejected,2024-05-02,
300,Dr. Daniel Gregory,Male,39,Technical Support,2024-06-06,Interviewed,,Hired
301,Pamela Blackburn,Male,46,Business Analyst,2024-06-23,Rejected,,Hired
302,Ashley Alvarado,Female,53,IT Manager,2023-11-24,Rejected,,
303,Frank Palmer,Male,40,Software Engineer,2024-01-02,Rejected,2023-12-07,Hired
304,Kylie Harrington,Male,58,DevOps Engineer,2023-10-15,Rejected,,
305,Michelle Fischer,Female,34,Network Administrator,2024-08-06,Rejected,2024-03-30,Hired
306,Nicole Martin,Female,33,Data Engineer,2023-11-01,Interviewed,,Hired
307,Anthony Villa,Male,27,Technical Support,2023-09-14,Interviewed,,Hired
308,Andrew Sanchez,Female,39,Systems Analyst,2023-10-20,Rejected,,Hired
309,Lynn Knight,Female,54,Data Engineer,2023-10-19,Interviewed,2023-11-22,Hired
310,Howard Grant,Female,52,Security Analyst,2023-10-10,Interviewed,,Hired
311,Shelley Ruiz,Male,43,Security Analyst,2024-04-14,Rejected,2024-02-05,
312,Sandra Freeman,Female,53,DevOps Engineer,2023-12-30,Interviewed,,
313,Miranda Rodriguez,Female,31,Data Engineer,2024-07-08,Interviewed,2023-10-24,
314,Darryl Johnson,Female,22,Network Administrator,2024-04-14,Interviewed,,
315,Jamie Matthews,Male,26,Software Engineer,2024-09-06,Interviewed,2024-04-05,
316,Judith Cameron,Male,34,Security Analyst,2024-01-09,Interviewed,,
317,Jennifer Graham,Female,30,Database Administrator,2023-11-13,Interviewed,2023-09-27,
318,Marco Rasmussen,Female,25,Software Engineer,2024-06-27,Interviewed,,
319,Michael Lewis,Male,53,Security Analyst,2024-05-22,Interviewed,2024-01-18,
320,Dawn Wilson,Female,48,Business Analyst,2024-01-28,Interviewed,2024-04-06,Hired
321,Edward Thomas,Male,30,Business Analyst,2024-01-09,Rejected,2023-11-19,
322,Albert Johnson,Male,30,Business Analyst,2023-12-10,Rejected,2024-06-24,
323,William Weaver,Male,47,UI/UX Designer,2024-06-02,Interviewed,2024-04-05,Hired
324,Shawn Doyle,Female,45,DevOps Engineer,2024-07-18,Interviewed,2024-01-02,
325,Mia Sullivan,Male,47,Technical Support,2024-06-28,Rejected,,Hired
326,Jessica Wilson,Male,24,Web Developer,2024-02-05,Interviewed,2024-05-31,
327,Philip Mendoza,Female,56,Business Analyst,2023-11-03,Rejected,,
328,Jessica Peters,Male,40,Technical Support,2024-08-27,Rejected,2023-11-17,Hired
329,Rebecca Wilson,Male,51,IT Manager,2024-03-30,Rejected,,Hired
330,Sherry Ward,Female,54,Network Administrator,2024-03-11,Rejected,,Hired
331,Margaret Peterson,Female,25,DevOps Engineer,2024-07-07,Interviewed,2024-08-25,Hired
332,Anthony Ho,Female,26,UI/UX Designer,2024-03-23,Interviewed,2024-02-07,Hired
333,Amy Collier,Male,53,Security Analyst,2024-03-04,Rejected,2024-07-10,Hired
334,Timothy Lewis,Female,58,Business Analyst,2024-03-22,Interviewed,2023-12-02,
335,William Weaver,Female,60,Database Administrator,2024-08-11,Interviewed,,Hired
336,Omar Sawyer,Male,35,HR Manager,2024-06-16,Rejected,,
337,Eileen Fox,Female,27,Business Analyst,2023-09-27,Rejected,,
338,Amber Owens,Female,49,UI/UX Designer,2024-05-27,Rejected,2023-10-16,Hired
339,Dennis Hughes,Male,23,Data Engineer,2024-01-08,Interviewed,2024-01-16,
340,Rachel Hanson,Female,37,Systems Analyst,2024-08-14,Interviewed,,Hired
341,Derrick Sosa,Female,43,Data Engineer,2023-11-29,Rejected,2024-05-26,
342,Connor Moreno,Female,59,Data Engineer,2023-10-13,Interviewed,,Hired
343,Jamie Bradley,Female,54,Business Analyst,2024-01-19,Rejected,,Hired
344,Sharon Harvey,Female,33,DevOps Engineer,2024-06-20,Interviewed,2024-02-05,
345,Ryan Proctor,Male,56,Systems Analyst,2024-03-02,Interviewed,,
346,Emily Ortiz,Male,33,HR Manager,2024-08-31,Rejected,2024-01-26,Hired
347,Madeline Flores,Female,40,IT Manager,2024-08-15,Rejected,,Hired
348,Margaret Lawrence,Female,57,Software Engineer,2024-07-25,Rejected,,Hired
349,Justin Flores,Male,28,Business Analyst,2023-11-23,Rejected,2024-01-07,
350,Hunter Henson,Male,27,HR Manager,2024-04-08,Rejected,,
351,Cheryl Hamilton,Male,55,UI/UX Designer,2023-12-03,Rejected,,
352,Jessica Clark,Female,46,Database Administrator,2024-02-06,Rejected,2024-01-24,Hired
353,Jonathan Shepard,Male,44,Software Engineer,2024-09-08,Interviewed,,
354,Donna Powell,Female,30,Technical Support,2024-04-02,Rejected,,
355,Erika Contreras,Male,57,Business Analyst,2024-02-01,Interviewed,2024-01-29,Hired
356,William Alvarado,Female,44,DevOps Engineer,2024-02-12,Interviewed,2024-07-10,
357,Erica Hancock,Female,53,HR Manager,2023-09-18,Interviewed,,
358,Jason Anderson,Female,42,Project Manager,2024-05-25,Interviewed,,
359,Vanessa Mullins,Female,49,Project Manager,2023-09-14,Interviewed,,Hired
360,Christopher Davis,Male,59,Database Administrator,2024-01-04,Interviewed,,
361,Kristine Newman,Male,37,IT Manager,2023-12-10,Interviewed,,Hired
362,Brandon Harris,Male,23,Project Manager,2023-12-09,Interviewed,,Hired
363,Melissa Torres,Female,33,Project Manager,2023-12-29,Interviewed,,Hired
364,Mr. Donald Rivas,Male,35,Network Administrator,2024-06-27,Interviewed,,Hired
365,Casey Moreno,Female,59,Security Analyst,2024-08-26,Rejected,2024-02-03,
366,Diane Miller,Female,48,Security Analyst,2023-12-01,Rejected,2024-02-11,Hired
367,Samuel Jarvis,Female,59,Network Administrator,2024-08-02,Interviewed,,
368,Emily Ortiz,Male,57,HR Manager,2024-05-22,Rejected,2024-02-11,Hired
369,Anthony Price,Female,36,Web Developer,2024-09-03,Rejected,2023-11-08,Hired
370,Allen Ray,Male,22,Network Administrator,2024-03-11,Interviewed,2023-11-09,Hired
371,Patricia Hunt,Female,59,Data Engineer,2024-03-30,Rejected,,Hired
372,Dennis Hughes,Female,50,DevOps Engineer,2024-05-16,Interviewed,2023-11-12,
373,Eric Carr,Male,44,HR Manager,2024-07-20,Rejected,2024-08-21,Hired
374,Erica Kaufman,Male,50,Software Engineer,2023-10-29,Interviewed,,
375,Todd Erickson,Male,52,Web Developer,2023-11-16,Interviewed,,
376,Kristen Ellis,Female,52,Data Scientist,2023-11-10,Interviewed,,
377,Jared Bishop,Male,26,Business Analyst,2024-03-12,Rejected,2024-06-08,Hired
378,Larry Hawkins,Male,59,Software Engineer,2024-03-25,Rejected,,Hired
379,Tasha Mayo,Male,37,Database Administrator,2024-05-27,Rejected,2023-12-26,Hired
380,Kayla Calhoun,Male,54,DevOps Engineer,2023-10-12,Interviewed,,Hired
381,Michelle Gomez,Female,39,Security Analyst,2024-02-04,Interviewed,,Hired
382,Ivan Atkinson,Male,30,Web Developer,2023-12-20,Rejected,2024-04-10,
383,Alicia Walker,Female,22,UI/UX Designer,2023-12-29,Interviewed,,
384,Dana Rivera,Male,37,UI/UX Designer,2024-02-20,Rejected,,Hired
385,Anthony Gaines,Female,36,Software Engineer,2024-07-23,Rejected,,Hired
386,Kimberly Johnston,Male,57,IT Manager,2024-05-10,Interviewed,,Hired
387,Kimberly Butler,Female,50,UI/UX Designer,2024-08-23,Rejected,,
388,Michael Adams,Male,35,UI/UX Designer,2024-02-28,Interviewed,2024-08-29,Hired
389,Hannah Lang,Female,22,Data Scientist,2023-09-24,Interviewed,,Hired
390,Erika Garcia,Male,52,HR Manager,2023-10-08,Rejected,2024-08-19,
391,Kayla Curry,Male,50,IT Manager,2023-12-29,Rejected,,
392,Bruce Dixon,Female,22,HR Manager,2024-05-31,Interviewed,2023-10-25,
393,Debra Bailey,Female,31,Business Analyst,2023-12-12,Interviewed,,
394,Heather Glover,Female,51,Database Administrator,2024-05-25,Rejected,,
395,Patrick Avila,Male,29,IT Manager,2024-04-06,Rejected,,Hired
396,Thomas Curry,Female,33,Technical Support,2024-06-14,Rejected,2023-10-28,
397,Rebecca Johnson,Female,47,HR Manager,2023-10-31,Rejected,,Hired
398,Kimberly Warner,Male,23,Business Analyst,2024-08-25,Rejected,2024-03-23,
399,Ian Buchanan,Female,29,Project Manager,2024-06-30,Interviewed,,Hired
400,Kelly Hart,Female,58,Systems Analyst,2024-06-20,Rejected,2023-12-23,
401,Albert Johnson,Female,43,Data Scientist,2024-01-14,Interviewed,,
402,Crystal Hansen,Female,59,Business Analyst,2024-02-04,Rejected,,Hired
403,Vincent Rose,Female,39,Systems Analyst,2024-01-28,Interviewed,2023-10-27,
404,Nicole Craig,Female,55,Database Administrator,2024-03-09,Interviewed,,Hired
405,Tasha Mayo,Female,59,UI/UX Designer,2023-12-08,Rejected,,Hired
406,Ian Perez,Female,42,Project Manager,2024-01-06,Rejected,2023-10-23,
407,Elizabeth Turner,Male,48,DevOps Engineer,2024-01-11,Interviewed,,Hired
408,Brianna Harvey,Male,46,Technical Support,2023-12-05,Interviewed,,
409,Jared Parker,Female,22,HR Manager,2023-12-14,Interviewed,,Hired
410,Francisco Adkins,Male,24,DevOps Engineer,2024-04-07,Interviewed,2023-10-25,Hired
411,Nicole Patel,Female,54,Project Manager,2023-09-17,Rejected,2024-03-02,
412,Martin Alexander,Female,52,Security Analyst,2023-12-26,Rejected,,Hired
413,Dr. Mark Perez DDS,Male,51,Business Analyst,2023-10-19,Rejected,2024-02-17,Hired
414,Lawrence Ortiz,Female,29,DevOps Engineer,2023-12-02,Interviewed,,
415,Lori Mejia,Female,25,Technical Support,2024-07-06,Interviewed,,
416,Travis Patterson,Female,49,Web Developer,2024-06-30,Interviewed,2024-03-17,Hired
417,Tiffany White,Female,23,Database Administrator,2024-06-30,Interviewed,,
418,Jessica Clark,Male,38,DevOps Engineer,2024-08-12,Rejected,2023-11-29,Hired
419,Miss Sherri Carter,Male,30,Security Analyst,2023-12-17,Rejected,,Hired
420,Angel Jones,Male,41,HR Manager,2024-07-10,Rejected,2023-11-05,Hired
421,Erica Kaufman,Male,44,Network Administrator,2024-07-18,Rejected,,
422,Mia Sullivan,Male,26,Data Engineer,2024-01-25,Rejected,,
423,Susan Mcdonald,Male,30,Security Analyst,2023-11-01,Interviewed,,
424,Nathan Schwartz,Male,27,HR Manager,2024-06-24,Interviewed,,Hired
425,Shelley Hunter,Female,49,Network Administrator,2024-02-05,Rejected,,
426,Nathan Schwartz,Male,46,Systems Analyst,2023-11-23,Rejected,2023-11-25,Hired
427,Joshua Roberts,Female,59,Project Manager,2023-11-18,Rejected,2024-08-03,
428,Richard Melton,Male,22,Software Engineer,2024-01-15,Rejected,2024-02-04,Hired
429,Katherine Stephenson,Female,56,DevOps Engineer,2024-03-23,Interviewed,2024-06-25,Hired
430,Tina Torres,Female,37,IT Manager,2024-04-04,Interviewed,,Hired
431,Jaclyn Jones,Male,30,IT Manager,2024-03-16,Rejected,2023-10-26,
432,Robert Davis,Male,60,Software Engineer,2024-06-23,Rejected,2024-05-11,
433,Mrs. Hannah Hahn,Male,60,Project Manager,2024-03-08,Interviewed,,
434,Anthony Alvarado,Female,56,DevOps Engineer,2023-11-19,Rejected,,Hired
435,Glen Williams,Female,42,Security Analyst,2024-06-30,Interviewed,,
436,Cory Mann,Female,45,Business Analyst,2024-08-10,Rejected,2023-12-29,
437,Kelly Hart,Female,58,Business Analyst,2024-02-03,Rejected,,Hired
438,Calvin Wallace,Female,46,Database Administrator,2023-12-19,Interviewed,,
439,Michelle Lopez,Female,53,Web Developer,2023-12-29,Interviewed,,
440,Elizabeth Bailey,Female,39,Software Engineer,2024-02-14,Rejected,2024-08-19,Hired
441,Loretta Chang,Female,41,Network Administrator,2023-11-24,Interviewed,,Hired
442,Alison Steele,Female,40,Web Developer,2024-04-21,Interviewed,2024-04-24,Hired
443,Dr. Devon Reed,Female,28,IT Manager,2023-10-03,Interviewed,2024-03-08,
444,Joseph Payne,Male,39,DevOps Engineer,2024-06-22,Interviewed,2024-08-27,Hired
445,Amy Hall,Female,55,Web Developer,2024-05-30,Rejected,,
446,Jessica Bishop,Female,24,HR Manager,2024-07-27,Interviewed,2024-01-17,
447,William Reeves,Male,44,Security Analyst,2024-07-24,Interviewed,,
448,Dr. Michael Griffin,Male,48,Database Administrator,2023-11-30,Rejected,,Hired
449,Catherine Washington,Male,29,IT Manager,2024-05-29,Rejected,2024-04-14,Hired
450,Maria Park MD,Female,25,Software Engineer,2024-04-18,Interviewed,2023-09-29,
451,April Clark,Female,33,Systems Analyst,2024-04-29,Interviewed,2024-05-13,Hired
452,Michelle Franco,Female,46,Data Scientist,2024-04-10,Interviewed,,
453,Christina Garcia,Female,47,Data Engineer,2023-10-16,Interviewed,,
454,Crystal Hansen,Male,33,UI/UX Designer,2024-06-08,Interviewed,2024-07-26,
455,Carmen Cisneros,Male,44,Data Engineer,2023-10-31,Rejected,,
456,Madison Clayton,Male,54,HR Manager,2023-11-29,Interviewed,,
457,Ian Perez,Male,24,DevOps Engineer,2024-01-04,Rejected,,Hired
458,James Richmond,Male,46,HR Manager,2023-12-28,Rejected,2024-03-08,Hired
459,Holly Andrews,Female,23,HR Manager,2024-05-31,Rejected,,Hired
460,Christina Blackburn,Male,42,UI/UX Designer,2024-01-27,Rejected,,Hired
461,Melissa Dunn,Male,47,UI/UX Designer,2024-07-19,Interviewed,2023-11-02,
462,Tanya Rose,Male,26,Network Administrator,2023-11-03,Interviewed,,
463,Margaret Lawrence,Female,37,Database Administrator,2024-09-08,Rejected,2024-03-30,
464,April Clark,Male,49,IT Manager,2024-01-04,Rejected,2023-10-24,Hired
465,Jeffrey Ryan,Female,55,Database Administrator,2024-01-01,Rejected,2024-05-12,Hired
466,John Allen,Female,59,DevOps Engineer,2024-02-07,Rejected,,Hired
467,Cynthia Barnes,Female,36,Web Developer,2024-03-08,Interviewed,2024-08-27,
468,Shelley Ruiz,Male,25,Software Engineer,2024-05-27,Interviewed,,Hired
469,Mrs. Sarah Adams,Female,49,Data Engineer,2024-03-25,Interviewed,2024-04-21,
470,Judith Cameron,Female,40,Data Engineer,2024-01-21,Rejected,2023-11-20,
471,Francisco Adkins,Male,46,Project Manager,2024-01-08,Interviewed,2024-02-09,Hired
472,Christian Russo,Male,24,Data Scientist,2024-01-11,Interviewed,,Hired
473,Joel Smith,Male,26,IT Manager,2024-04-02,Rejected,,Hired
474,Hannah Lang,Male,54,DevOps Engineer,2023-10-04,Interviewed,2023-10-09,
475,Amy Hall,Female,36,Security Analyst,2023-11-26,Rejected,2024-05-02,Hired
476,Nichole Olson,Male,48,UI/UX Designer,2024-04-23,Interviewed,,Hired
477,William Noble,Male,49,Project Manager,2024-04-28,Interviewed,,
478,Michelle Perez,Male,35,HR Manager,2024-09-07,Interviewed,2024-02-01,
479,Timothy Cole,Female,56,Network Administrator,2024-04-08,Rejected,2024-04-22,
480,Anthony Jordan,Male,27,UI/UX Designer,2023-09-28,Interviewed,2024-05-28,
481,Michael Elliott,Male,27,Project Manager,2023-11-09,Rejected,2024-01-05,
482,Jonathan Stewart,Female,34,Database Administrator,2024-01-02,Interviewed,,Hired
483,Glen Williams,Male,52,Data Engineer,2024-01-30,Rejected,2023-10-30,Hired
484,Julia Anthony,Female,46,Software Engineer,2024-04-21,Interviewed,,Hired
485,Dr. Mark Perez DDS,Male,43,HR Manager,2024-03-26,Rejected,2024-05-30,
486,Sandra Black,Male,29,IT Manager,2024-09-02,Rejected,2024-03-12,Hired
487,Joel Smith,Female,22,Security Analyst,2024-04-30,Interviewed,2024-05-31,Hired
488,William Young,Female,54,Technical Support,2024-06-22,Interviewed,,Hired
489,Andrew Sanchez,Female,38,Security Analyst,2024-02-28,Rejected,,
490,Stacey Young,Male,25,Systems Analyst,2023-12-15,Rejected,2024-08-22,
491,Terri Figueroa,Female,26,Systems Analyst,2024-08-28,Rejected,2024-07-18,Hired
492,Tanya Rose,Female,31,UI/UX Designer,2024-09-04,Rejected,2024-07-04,
493,Nathan Morgan,Female,43,Project Manager,2024-03-18,Rejected,2023-10-12,Hired
494,Kyle Hawkins,Male,42,Technical Support,2023-12-01,Rejected,,Hired
495,Calvin Wallace,Female,23,Systems Analyst,2024-02-12,Interviewed,,
496,Marco Rasmussen,Female,30,Systems Analyst,2024-09-03,Interviewed,,
497,Rodney Campbell,Female,38,Technical Support,2024-07-25,Interviewed,,Hired
498,Edward Benjamin,Female,33,Database Administrator,2024-08-10,Rejected,2024-01-24,
499,Debra Williams,Female,48,DevOps Engineer,2023-10-07,Rejected,2024-06-01,Hired
500,Michael Kim,Male,28,Software Engineer,2024-06-01,Rejected,,
501,Robert Davis,Female,38,HR Manager,2023-09-13,Rejected,,Hired
502,Cameron Brown,Female,35,IT Manager,2023-12-05,Interviewed,2023-12-13,Hired
503,Sarah Ford,Female,22,Database Administrator,2024-02-28,Interviewed,,Hired
504,Andrea Sanchez,Female,37,Network Administrator,2024-03-13,Interviewed,2024-04-12,Hired
505,Kelli Hicks,Female,40,Network Administrator,2023-12-11,Rejected,,
506,Ray Hernandez,Male,33,Data Engineer,2023-09-24,Interviewed,2024-02-17,Hired
507,Joshua Wilkerson,Male,48,Technical Support,2024-05-22,Rejected,,Hired
508,Brittney Thompson,Female,44,Database Administrator,2024-04-09,Interviewed,2024-03-20,Hired
509,Samuel Gutierrez,Male,28,Security Analyst,2023-10-16,Rejected,,
510,Andrew Aguirre,Female,24,Software Engineer,2024-02-21,Rejected,,
511,Patricia Sanchez,Male,39,Business Analyst,2024-04-23,Interviewed,,Hired
512,Kelly Long,Female,51,DevOps Engineer,2024-02-09,Rejected,2023-09-22,
513,Brandon Harris,Male,40,Software Engineer,2023-10-08,Interviewed,,
514,David Mcdonald,Male,29,Network Administrator,2023-12-04,Rejected,,
515,William Reeves,Female,48,Data Scientist,2024-01-04,Interviewed,2024-01-05,
516,Jessica Proctor,Female,43,Software Engineer,2024-05-03,Rejected,2024-07-23,Hired
517,Shelley Ruiz,Female,52,DevOps Engineer,2023-10-18,Interviewed,2024-04-06,
518,Lindsey Anderson,Male,43,Technical Support,2024-02-21,Rejected,2024-01-06,Hired
519,Melissa Johnson,Male,27,Security Analyst,2024-07-22,Interviewed,,
520,Christine Williams,Female,25,Technical Support,2024-02-07,Interviewed,2024-07-15,Hired
521,Michael Adams,Female,23,Data Engineer,2023-11-28,Rejected,,
522,Mark Hines,Female,43,Systems Analyst,2024-09-06,Rejected,,Hired
523,Jesse Collins,Male,45,Data Engineer,2024-05-04,Rejected,2023-09-23,
524,Sean Buchanan,Female,40,Security Analyst,2023-12-11,Interviewed,2024-07-06,Hired
525,Karen Sampson,Male,40,Data Engineer,2024-05-01,Rejected,,
526,Kelly Washington,Male,45,HR Manager,2024-09-08,Rejected,,
527,Jessica Mendoza,Male,33,Network Administrator,2024-06-28,Interviewed,,Hired
528,Michael Tran,Male,49,Security Analyst,2024-07-25,Interviewed,,Hired
529,Maria Hubbard,Male,43,Project Manager,2024-02-05,Interviewed,2024-08-29,Hired
530,Kristine Cuevas,Female,39,Technical Support,2024-05-22,Interviewed,2024-08-29,
531,Henry Hill,Female,53,DevOps Engineer,2024-06-23,Interviewed,2024-06-25,
532,Kimberly Caldwell,Male,24,HR Manager,2023-10-16,Interviewed,2024-03-08,
533,Todd Robertson,Female,49,UI/UX Designer,2023-12-06,Interviewed,,
534,Pamela Berry,Male,52,Technical Support,2024-01-26,Rejected,2024-09-05,
535,Ross Watson,Male,57,Business Analyst,2024-05-20,Rejected,2023-10-19,Hired
536,Kayla Calhoun,Male,53,DevOps Engineer,2024-02-24,Rejected,,Hired
537,Daniel Mendoza,Male,45,Project Manager,2023-10-09,Interviewed,,Hired
538,Lisa Gonzalez,Male,47,Data Engineer,2024-01-25,Rejected,2023-10-10,Hired
539,Brent Fisher,Male,57,Technical Support,2023-10-29,Interviewed,,
540,Jessica Higgins,Male,60,Network Administrator,2024-05-16,Rejected,,Hired
541,Gloria Coleman,Male,37,Network Administrator,2023-11-21,Interviewed,2023-12-18,
542,David Maxwell,Female,44,Web Developer,2024-06-15,Rejected,2024-04-13,
543,Nicole Aguilar,Male,42,Data Scientist,2023-10-26,Rejected,2024-01-17,Hired
544,Cory Mann,Male,33,IT Manager,2023-12-12,Interviewed,,Hired
545,Phillip Lewis,Male,50,Project Manager,2024-04-14,Rejected,,Hired
546,Gary Horton,Female,32,Software Engineer,2023-10-15,Interviewed,,Hired
547,Crystal Fernandez,Male,60,Software Engineer,2024-04-11,Interviewed,,Hired
548,Chad Johnson,Female,39,Web Developer,2024-03-11,Interviewed,2023-10-12,Hired
549,Garrett Rogers,Female,53,Network Administrator,2023-09-26,Interviewed,2024-03-29,Hired
550,Cameron Brown,Female,26,Systems Analyst,2023-11-10,Rejected,2024-04-12,Hired
551,Mrs. Natalie Gardner MD,Male,23,HR Manager,2024-01-06,Rejected,2023-11-18,Hired
552,John Frey,Male,25,Data Engineer,2024-06-14,Rejected,2023-09-26,Hired
553,Christopher Bowman,Female,56,Business Analyst,2023-09-30,Interviewed,,
554,Matthew Pham,Male,45,DevOps Engineer,2024-07-18,Interviewed,2024-04-11,Hired
555,Sean Buchanan,Male,42,Technical Support,2024-04-08,Interviewed,2023-12-28,Hired
556,Jamie Anderson,Male,25,UI/UX Designer,2023-11-16,Rejected,2024-08-17,
557,Lori Mejia,Male,37,Security Analyst,2024-07-03,Rejected,,Hired
558,John Dunlap,Female,32,Systems Analyst,2024-08-25,Interviewed,,
559,Michael Freeman,Female,32,Security Analyst,2024-02-10,Interviewed,2023-12-03,
560,Tiffany Bowen,Male,29,Systems Analyst,2024-02-20,Rejected,,
561,Jessica Bishop,Female,54,UI/UX Designer,2024-08-01,Interviewed,2024-03-29,Hired
562,Erica Kaufman,Male,29,Data Engineer,2024-01-20,Rejected,,Hired
563,Jason Ortiz,Female,32,Business Analyst,2024-07-19,Rejected,2024-05-25,Hired
564,Elizabeth Murray,Male,55,Business Analyst,2024-03-25,Interviewed,2024-05-12,
565,Linda Allen,Male,25,Data Scientist,2024-03-28,Rejected,2024-08-17,
566,Alexander Murray,Female,53,DevOps Engineer,2023-11-13,Interviewed,2023-11-10,Hired
567,Jason Wright,Male,40,HR Manager,2024-01-29,Interviewed,2024-04-14,
568,Edward Aguilar,Female,32,Business Analyst,2024-03-15,Rejected,2024-08-14,
569,Lindsey Hoffman,Male,33,Web Developer,2023-11-30,Interviewed,,Hired
570,Julie Tran,Female,44,DevOps Engineer,2024-06-30,Rejected,2023-12-19,Hired
571,Paula Moore,Female,30,Technical Support,2024-06-28,Interviewed,,Hired
572,Diamond Gentry,Female,42,Business Analyst,2024-02-09,Rejected,,Hired
573,Gregory Hobbs,Female,37,DevOps Engineer,2023-10-07,Interviewed,2023-09-15,
574,Kayla Mcfarland,Male,53,Data Engineer,2023-10-18,Interviewed,,Hired
575,Stephen Davis,Female,44,IT Manager,2024-01-06,Interviewed,,Hired
576,William Young,Female,53,DevOps Engineer,2024-07-13,Interviewed,,Hired
577,Yolanda Simpson,Female,23,DevOps Engineer,2024-07-15,Rejected,2023-12-21,Hired
578,Jason Jensen,Male,26,Database Administrator,2024-08-23,Rejected,,Hired
579,Jasmine Carroll,Male,49,Systems Analyst,2024-02-28,Rejected,,
580,Mike Taylor,Female,24,Project Manager,2023-10-20,Interviewed,,
581,Ashley Young,Male,44,Technical Support,2024-02-11,Interviewed,2024-08-17,Hired
582,Daniel Davis,Male,28,DevOps Engineer,2024-09-06,Interviewed,2024-08-12,
583,Sandra Harrison,Female,30,Software Engineer,2024-04-29,Interviewed,2024-07-31,
584,Richard Diaz,Male,51,Systems Analyst,2023-11-27,Interviewed,,Hired
585,Nicholas Herrera,Male,28,DevOps Engineer,2024-03-04,Rejected,2024-01-11,Hired
586,Christine Peterson,Male,22,Network Administrator,2024-06-04,Interviewed,,
587,Jerry Gonzales,Female,32,Technical Support,2024-04-04,Interviewed,2024-01-17,Hired
588,Jason Ortiz,Male,44,IT Manager,2024-08-15,Rejected,,
589,Connie Coffey,Male,31,UI/UX Designer,2023-12-01,Interviewed,2024-06-30,
590,Amy Hall,Male,25,Business Analyst,2023-12-23,Rejected,2024-05-03,
591,Annette Diaz,Male,28,Web Developer,2024-03-17,Interviewed,2024-04-29,
592,Ryan Proctor,Female,25,Data Scientist,2024-04-16,Interviewed,,Hired
593,Danielle Rose,Male,55,Security Analyst,2024-01-06,Interviewed,,
594,George Brewer,Female,57,Data Scientist,2024-04-05,Rejected,,
595,Louis Cunningham,Male,41,Network Administrator,2024-03-16,Interviewed,2023-11-22,Hired
596,Grant Dickson,Female,30,Software Engineer,2024-07-18,Interviewed,2024-02-09,
597,Victor Davis,Female,50,IT Manager,2024-05-15,Rejected,2023-10-12,Hired
598,Kyle Hawkins,Male,42,Data Engineer,2023-11-17,Rejected,,Hired
599,Elizabeth Jones,Female,42,Software Engineer,2024-04-13,Rejected,2023-11-18,Hired
600,Cynthia Short,Male,49,Data Engineer,2024-04-02,Rejected,,
601,Stephanie Williams,Male,58,Business Analyst,2024-04-24,Rejected,2024-04-07,
602,Shawn Alexander,Male,48,IT Manager,2024-06-22,Interviewed,,
603,Betty Williams,Female,51,Software Engineer,2024-01-02,Interviewed,,
604,Brianna Mercer,Female,53,Business Analyst,2024-04-17,Rejected,,
605,Natasha Cox,Female,43,Technical Support,2024-02-25,Interviewed,2024-08-02,
606,Omar Sawyer,Male,43,Network Administrator,2024-04-21,Interviewed,,
607,Daniel Johnson,Female,50,Technical Support,2023-12-04,Interviewed,2024-03-13,Hired
608,Derrick Duarte,Male,45,Database Administrator,2023-12-16,Rejected,2023-09-25,
609,David Mcbride,Female,34,Database Administrator,2024-04-27,Interviewed,,
610,Erik Pacheco,Female,26,Systems Analyst,2024-05-16,Interviewed,,
611,Theresa Perry,Female,34,HR Manager,2024-08-01,Rejected,2024-07-12,Hired
612,Andre Evans,Male,23,Business Analyst,2024-02-12,Rejected,,Hired
613,Jennifer Santos,Female,58,HR Manager,2024-03-18,Interviewed,2023-09-28,
614,Carrie Mcdonald,Female,33,Network Administrator,2023-11-16,Rejected,,
615,Joshua Wilkerson,Male,40,Web Developer,2024-07-06,Interviewed,,Hired
616,Rebecca Rubio,Male,40,Data Engineer,2023-09-13,Rejected,2024-02-10,
617,Sara Vincent,Male,43,Security Analyst,2024-09-01,Interviewed,2023-11-23,
618,Amy Collier,Female,36,Business Analyst,2024-03-26,Interviewed,,Hired
619,Joshua Aguirre,Male,50,Project Manager,2024-03-13,Interviewed,2023-11-18,
620,Karen Smith,Male,50,Network Administrator,2023-09-24,Rejected,2023-11-20,
621,Marc Tucker,Male,26,Data Scientist,2023-09-27,Interviewed,,Hired
622,Geoffrey Castillo,Male,22,Data Engineer,2023-12-16,Interviewed,,
623,Dana Daniel,Male,39,Data Engineer,2023-10-30,Interviewed,2024-01-18,Hired
624,Carlos Ray,Female,52,IT Manager,2023-11-14,Rejected,2024-03-08,
625,Joseph Johnson,Male,41,Security Analyst,2024-08-14,Rejected,,
626,Adam Villarreal,Female,55,Network Administrator,2024-07-13,Interviewed,,
627,William Alvarado,Male,40,Project Manager,2023-09-17,Interviewed,,
628,Dana Daniel,Female,24,UI/UX Designer,2024-07-06,Rejected,2023-11-24,Hired
629,Connie Coffey,Female,39,DevOps Engineer,2024-02-03,Rejected,,Hired
630,Kevin Hernandez,Male,27,Business Analyst,2024-07-02,Interviewed,,Hired
631,Rodney Campbell,Male,49,DevOps Engineer,2024-01-23,Rejected,,Hired
632,David Mills,Female,55,UI/UX Designer,2023-09-24,Rejected,,
633,Sheri Hensley,Female,50,Systems Analyst,2024-05-17,Interviewed,2024-01-10,
634,Russell Ramirez,Male,55,Technical Support,2023-10-26,Interviewed,,Hired
635,Dr. Patricia Butler,Male,29,UI/UX Designer,2023-10-08,Interviewed,,
636,Maria Klein,Female,33,Data Engineer,2023-11-03,Rejected,2024-03-17,
637,Mr. Jacob Barajas,Female,24,UI/UX Designer,2023-10-21,Rejected,,
638,Sandra Black,Female,28,HR Manager,2024-05-29,Rejected,2024-04-15,
639,Carolyn Taylor,Male,24,Network Administrator,2023-11-10,Rejected,2024-05-12,Hired
640,David Hall,Male,55,Web Developer,2024-07-03,Rejected,2023-09-17,
641,Donna Powell,Male,34,HR Manager,2023-10-07,Interviewed,,Hired
642,Peter Beasley,Female,27,Software Engineer,2023-09-17,Interviewed,,Hired
643,Marie Cook,Female,46,Web Developer,2023-11-13,Rejected,2024-03-03,
644,Charles Howard,Female,45,Systems Analyst,2024-08-06,Interviewed,,
645,Gary Horton,Female,33,Systems Analyst,2024-07-06,Interviewed,2024-03-29,Hired
646,Madison Clayton,Female,56,Web Developer,2024-06-26,Interviewed,,
647,Lori Little,Male,30,Technical Support,2024-03-10,Rejected,,
648,Amanda Anderson,Female,50,DevOps Engineer,2024-08-03,Interviewed,,Hired
649,William Moreno,Male,34,UI/UX Designer,2024-08-07,Interviewed,,Hired
650,Michael Mckay,Female,41,Business Analyst,2024-04-12,Interviewed,,Hired
651,Dr. Patricia Butler,Female,50,Web Developer,2023-11-08,Rejected,,Hired
652,James Montoya,Male,22,Network Administrator,2023-12-30,Interviewed,,
653,Andrea Sanchez,Female,24,Network Administrator,2023-11-10,Rejected,,Hired
654,Jaime Reeves,Male,57,Security Analyst,2023-10-22,Interviewed,,Hired
655,Rebecca Thomas,Female,37,Data Scientist,2023-12-28,Interviewed,2024-07-05,
656,Gabriela Thompson,Male,47,Project Manager,2023-11-05,Rejected,2024-02-05,Hired
657,Gina Newton,Female,49,Project Manager,2024-04-01,Rejected,,Hired
658,Sharon Bennett,Male,29,Data Engineer,2024-01-24,Interviewed,,Hired
659,Joseph Garrison,Male,57,Web Developer,2024-06-11,Rejected,2024-08-17,Hired
660,Christopher Davis,Male,44,IT Manager,2024-06-06,Interviewed,,Hired
661,Kelly Ruiz,Female,35,Web Developer,2024-07-19,Interviewed,2024-03-12,Hired
662,James Farmer,Female,59,Network Administrator,2023-10-02,Rejected,2023-10-20,
663,Lisa Lambert,Female,33,Business Analyst,2024-04-15,Interviewed,2024-08-14,
664,Alicia Reed,Male,59,UI/UX Designer,2024-04-13,Interviewed,,Hired
665,Amber Owens,Male,55,Software Engineer,2024-08-24,Interviewed,2023-09-19,Hired
666,Pamela Martin,Male,44,Data Scientist,2023-10-07,Interviewed,,
667,Michelle Perez,Female,44,DevOps Engineer,2024-07-08,Interviewed,,Hired
668,Julie Tran,Male,37,Technical Support,2024-06-03,Rejected,,Hired
669,Dean Cooper,Male,50,Database Administrator,2024-05-08,Rejected,,Hired
670,Dawn Scott,Male,40,Data Scientist,2024-01-04,Rejected,,
671,Adam Villarreal,Female,49,Data Engineer,2024-01-27,Interviewed,2023-11-08,Hired
672,Mary Rodgers,Female,50,DevOps Engineer,2024-09-08,Rejected,2023-09-18,Hired
673,Dr. Patricia Butler,Male,26,Project Manager,2024-01-09,Rejected,,Hired
674,Tina Bowen,Male,58,Database Administrator,2024-06-28,Interviewed,2023-12-29,Hired
675,Tara White,Female,34,DevOps Engineer,2024-05-14,Rejected,,Hired
676,Julia Walker,Female,29,Business Analyst,2023-12-16,Rejected,,Hired
677,Kimberly Jenkins,Female,60,DevOps Engineer,2024-03-14,Rejected,2023-11-29,Hired
678,Jillian Gutierrez,Female,27,Security Analyst,2024-07-16,Interviewed,2024-06-14,
679,Melinda Taylor,Female,56,Database Administrator,2024-01-14,Interviewed,2024-09-11,Hired
680,Michelle Miller,Female,59,Security Analyst,2024-01-22,Rejected,,Hired
681,Amber Owens,Male,51,Network Administrator,2024-03-16,Interviewed,2024-07-26,
682,Brian Hammond,Male,45,Web Developer,2024-09-08,Interviewed,,Hired
683,Brittney Frazier,Female,25,HR Manager,2024-01-12,Rejected,2024-07-07,Hired
684,Sandra Novak,Female,42,Software Engineer,2024-01-10,Rejected,2024-06-06,Hired
685,Maurice Pearson,Female,56,Data Engineer,2024-06-03,Interviewed,,Hired
686,Stephen Lopez,Male,42,Business Analyst,2023-10-04,Rejected,,Hired
687,Andrew Sanchez,Male,47,Network Administrator,2024-01-29,Rejected,,
688,Carolyn Hughes,Male,56,Systems Analyst,2024-07-01,Rejected,,Hired
689,Jennifer Cruz,Female,54,Technical Support,2023-12-27,Interviewed,2023-12-02,Hired
690,Samuel Jarvis,Female,35,UI/UX Designer,2024-06-24,Rejected,,
691,Wanda Chase,Female,56,IT Manager,2023-10-06,Interviewed,2024-07-28,
692,Michelle Edwards,Female,27,Business Analyst,2024-02-16,Interviewed,,Hired
693,Richard Long,Female,48,HR Manager,2023-11-04,Interviewed,,Hired
694,Joseph Johnson,Male,49,Technical Support,2023-11-20,Interviewed,2024-05-01,Hired
695,Jaime Reeves,Male,50,Data Scientist,2024-05-06,Interviewed,,Hired
696,Zachary Wood,Male,50,Database Administrator,2023-12-23,Interviewed,2023-10-17,
697,Joshua Jones,Male,39,IT Manager,2024-01-12,Interviewed,,Hired
698,Kristina Callahan,Male,56,Business Analyst,2024-08-19,Interviewed,2024-09-08,
699,Andrew Aguirre,Female,42,Business Analyst,2023-12-26,Interviewed,,Hired
700,Nancy Hartman,Male,36,DevOps Engineer,2024-07-25,Interviewed,2024-01-06,Hired
701,Sharon Owens,Female,57,Data Scientist,2024-01-27,Interviewed,2024-02-11,
702,Sharon Harvey,Female,36,Systems Analyst,2024-04-14,Interviewed,2024-04-26,Hired
703,Michael Walker,Male,32,Web Developer,2024-01-10,Interviewed,,Hired
704,Martin Alexander,Male,49,Security Analyst,2024-01-28,Interviewed,,Hired
705,Anna Jacobs,Male,49,Data Engineer,2023-11-05,Interviewed,2024-04-27,Hired
706,Cristina Dunn,Female,33,HR Manager,2024-06-28,Interviewed,,
707,Joann Smith,Female,38,Database Administrator,2023-11-30,Rejected,2024-01-14,
708,Sheri Hensley,Female,45,Project Manager,2023-11-26,Interviewed,,Hired
709,Karen Bauer,Male,33,Data Scientist,2023-11-02,Interviewed,,
710,Sarah Perry DDS,Male,37,Network Administrator,2024-08-21,Interviewed,,
711,John Robertson,Male,35,Technical Support,2024-05-02,Interviewed,,
712,Christine Williams,Female,26,Software Engineer,2024-05-12,Rejected,,
713,Amber Mason,Female,37,Data Scientist,2024-04-01,Rejected,2024-04-19,
714,Adam Villarreal,Male,45,Business Analyst,2024-08-11,Interviewed,2023-10-17,Hired
715,Andrea Hall,Female,59,Database Administrator,2023-10-10,Interviewed,2023-12-09,Hired
716,Elizabeth Wagner,Female,22,Web Developer,2023-10-21,Rejected,,
717,Victor Davis,Male,46,Software Engineer,2023-12-30,Rejected,,Hired
718,Tyler Hart,Male,55,Systems Analyst,2024-01-08,Interviewed,2024-04-27,Hired
719,Kristin Rasmussen,Male,40,Security Analyst,2023-11-07,Interviewed,,Hired
720,Cynthia Barnes,Female,29,Network Administrator,2023-12-01,Interviewed,2024-08-19,
721,Melissa Brown,Male,60,Business Analyst,2023-10-23,Interviewed,,
722,Elizabeth Torres MD,Male,48,Technical Support,2024-04-04,Rejected,,Hired
723,James Richmond,Male,43,HR Manager,2024-06-10,Interviewed,2024-09-09,
724,Richard Hill,Female,39,Software Engineer,2024-08-09,Interviewed,2024-07-19,Hired
725,Linda Jones,Male,43,UI/UX Designer,2023-12-17,Rejected,,
726,Chad Hammond,Female,48,Technical Support,2024-01-15,Interviewed,2024-07-31,Hired
727,Margaret Peterson,Female,43,Project Manager,2024-04-29,Interviewed,2024-06-27,Hired
728,Maria Hubbard,Female,56,Systems Analyst,2024-07-16,Interviewed,,Hired
729,Elizabeth Turner,Female,60,Software Engineer,2024-04-14,Rejected,2024-03-10,
730,Paula Moore,Female,46,Technical Support,2023-12-15,Rejected,,Hired
731,Bradley Reyes,Female,39,Software Engineer,2024-04-14,Rejected,2024-02-23,
732,Natalie Sheppard,Male,57,Web Developer,2023-09-30,Interviewed,2024-06-15,Hired
733,Joseph Garrison,Female,22,Systems Analyst,2024-05-22,Rejected,2023-11-18,
734,Alexis Wang,Female,31,Web Developer,2024-08-20,Interviewed,2024-04-08,
735,Scott Smith,Female,54,Project Manager,2024-06-25,Rejected,2023-12-01,
736,Erica Hancock,Male,29,Project Manager,2024-02-21,Interviewed,2023-11-20,Hired
737,Ricky Garrett,Female,50,IT Manager,2024-09-10,Interviewed,2023-12-05,
738,Jason Klein,Female,52,Software Engineer,2024-01-05,Rejected,2024-08-02,
739,Mary Ortega,Male,38,Technical Support,2023-10-31,Rejected,2023-09-20,Hired
740,Sandra Harrison,Female,30,Data Scientist,2024-05-03,Rejected,,Hired
741,Diane Miller,Male,60,Project Manager,2024-04-22,Interviewed,,
742,Tammy Brewer,Male,35,Software Engineer,2023-10-29,Interviewed,,
743,William Holder,Male,59,Network Administrator,2023-12-15,Interviewed,2024-09-01,Hired
744,Peggy Fletcher,Male,30,Systems Analyst,2023-12-18,Interviewed,2024-02-24,Hired
745,Natasha Figueroa,Male,43,Technical Support,2023-11-16,Interviewed,2024-02-22,
746,Donna Powell,Female,58,Systems Analyst,2024-04-18,Interviewed,,Hired
747,Antonio Robinson II,Female,26,Project Manager,2024-06-15,Rejected,,
748,Sara Davis,Male,39,UI/UX Designer,2024-07-11,Interviewed,,
749,Kevin Jones,Male,23,Data Scientist,2024-02-20,Interviewed,,
750,Erica Kaufman,Male,45,Security Analyst,2024-05-22,Interviewed,2024-08-30,
751,Carrie Wilson,Male,52,Project Manager,2024-06-23,Interviewed,,
752,Joseph Irwin,Female,28,Project Manager,2023-12-25,Interviewed,,
753,Ryan Romero,Male,48,Data Scientist,2024-04-08,Rejected,2023-11-11,
754,John Morrison,Female,35,DevOps Engineer,2024-08-08,Interviewed,2024-04-30,
755,Richard Melton,Female,26,Project Manager,2024-04-06,Interviewed,2024-06-07,
756,Julie Tran,Female,24,Data Scientist,2023-10-12,Rejected,2023-11-26,
757,Kelli Hicks,Female,24,Network Administrator,2024-07-19,Rejected,,Hired
758,Sherry Lewis,Male,46,Project Manager,2023-09-26,Interviewed,,Hired
759,Jacqueline Peterson,Female,47,Data Scientist,2024-01-22,Rejected,2024-02-21,Hired
760,Eric Johnson,Male,49,Systems Analyst,2024-05-26,Interviewed,,Hired
761,Karen Bauer,Female,57,Technical Support,2023-11-23,Rejected,,Hired
762,Sarah Cunningham,Male,56,DevOps Engineer,2024-07-22,Rejected,2023-12-21,Hired
763,Gary Day,Male,49,Project Manager,2024-03-03,Interviewed,,
764,Brian Townsend,Male,34,Database Administrator,2023-11-26,Interviewed,,Hired
765,Nathan Morgan,Female,52,Project Manager,2024-03-15,Interviewed,,Hired
766,John Brown,Female,26,Technical Support,2024-08-27,Rejected,,Hired
767,Elijah Henderson,Female,43,Technical Support,2023-10-26,Rejected,2023-10-30,
768,Gail Miller,Female,27,Technical Support,2024-07-31,Interviewed,2024-09-10,
769,Robert Watson,Male,53,Technical Support,2024-03-02,Rejected,,Hired
770,Theresa Perry,Female,49,Software Engineer,2024-02-08,Rejected,,Hired
771,Carolyn Hughes,Female,33,Systems Analyst,2024-03-09,Interviewed,2023-09-27,
772,Natasha Cox,Female,48,Data Scientist,2023-09-20,Interviewed,,Hired
773,Tristan Newman,Female,42,Network Administrator,2024-07-31,Rejected,,
774,Patrick Weber,Female,27,HR Manager,2023-11-12,Rejected,2024-07-13,
775,David Powell,Female,52,Web Developer,2023-10-31,Interviewed,,
776,Alexis Martin,Male,22,Systems Analyst,2024-02-21,Interviewed,,
777,Anthony Price,Female,25,Software Engineer,2024-04-16,Interviewed,2024-03-09,Hired
778,Deborah Williams,Female,59,UI/UX Designer,2024-03-31,Interviewed,2023-10-12,Hired
779,John Bryant,Female,27,IT Manager,2024-02-19,Interviewed,,
780,Christine Hood,Female,28,Database Administrator,2023-10-27,Rejected,2023-09-26,Hired
781,Jimmy King,Male,43,Data Engineer,2024-03-28,Interviewed,2024-09-06,
782,Christine Lin,Male,40,Web Developer,2024-01-27,Interviewed,,
783,Kevin Stuart,Male,55,IT Manager,2024-05-30,Rejected,2023-10-11,
784,Miss Sherri Carter,Male,58,UI/UX Designer,2023-12-20,Interviewed,2024-06-20,Hired
785,Diana Miller,Male,42,IT Manager,2023-12-14,Rejected,2024-07-18,Hired
786,Kathleen Sanchez,Male,22,HR Manager,2024-07-22,Interviewed,2023-11-16,
787,Jeffrey Reyes,Female,22,IT Manager,2024-03-02,Rejected,,
788,Carolyn Hughes,Male,41,Web Developer,2023-12-20,Interviewed,2024-02-01,
789,Donald Walters,Female,40,Database Administrator,2024-08-22,Interviewed,,
790,Anna Jacobs,Male,37,Network Administrator,2024-04-23,Interviewed,2023-09-24,Hired
791,Dawn Carey,Male,59,Network Administrator,2024-04-26,Interviewed,2023-09-22,Hired
792,Kelly Perkins,Male,22,IT Manager,2024-08-24,Rejected,2023-11-01,Hired
793,John Martinez,Male,39,Business Analyst,2023-10-30,Interviewed,2024-07-18,
794,Dawn Johnson DDS,Male,24,Data Engineer,2023-10-10,Interviewed,,Hired
795,Dr. Michael Griffin,Male,27,Web Developer,2024-02-27,Rejected,,Hired
796,Mia Sullivan,Male,32,Security Analyst,2024-05-05,Rejected,2024-02-26,
797,Matthew Bennett,Female,34,Web Developer,2023-11-16,Rejected,2024-01-31,
798,Sean Bass,Female,55,Database Administrator,2024-04-19,Interviewed,2023-09-20,Hired
799,Kristine Cuevas,Male,47,Technical Support,2024-02-26,Interviewed,,
800,Sharon Owens,Male,33,DevOps Engineer,2024-04-26,Interviewed,,
801,Andrew Winters,Female,53,Project Manager,2024-02-28,Rejected,,Hired
802,Heidi Rocha,Female,38,UI/UX Designer,2024-02-03,Rejected,2024-05-31,Hired
803,Deborah Ramirez,Male,50,Project Manager,2024-02-15,Rejected,,
804,Elizabeth White,Female,23,Business Analyst,2024-09-02,Rejected,,Hired
805,Johnny Wilson,Male,22,DevOps Engineer,2024-08-11,Rejected,2024-06-08,Hired
806,William Glass,Female,57,Data Engineer,2024-08-06,Rejected,,
807,David Bailey,Male,25,HR Manager,2024-02-17,Interviewed,2023-11-24,
808,Jose Smith,Female,60,Project Manager,2024-06-07,Rejected,,
809,Jesse Ferguson,Male,54,Technical Support,2023-11-19,Interviewed,,Hired
810,Dr. Mark Perez DDS,Female,41,Data Scientist,2024-04-27,Interviewed,,Hired
811,Cole Arnold,Male,32,IT Manager,2023-10-02,Rejected,,
812,Charles Carpenter,Male,44,Database Administrator,2023-12-23,Rejected,2023-12-05,Hired
813,Rebecca Rubio,Male,32,Network Administrator,2024-03-30,Interviewed,2024-04-25,Hired
814,Cheryl Harrison,Male,59,Data Scientist,2024-02-16,Rejected,2024-02-23,
815,Christopher Montgomery MD,Female,44,DevOps Engineer,2024-06-23,Rejected,,Hired
816,Melissa Swanson,Female,25,DevOps Engineer,2024-05-22,Rejected,2024-01-02,
817,Anthony Ho,Female,53,Software Engineer,2024-02-09,Interviewed,2024-08-27,
818,Whitney Stevens,Female,58,Network Administrator,2024-08-29,Interviewed,,Hired
819,Kim Koch,Female,34,Web Developer,2024-07-18,Interviewed,,
820,Michael Kim,Female,24,Web Developer,2024-08-05,Interviewed,,
821,Sarah Pratt,Female,36,Software Engineer,2024-06-05,Rejected,2024-05-29,
822,Jamie Anderson,Female,36,DevOps Engineer,2023-12-07,Rejected,,
823,Donna Williams,Female,33,Security Analyst,2023-12-18,Rejected,,Hired
824,Richard Diaz,Male,60,Network Administrator,2024-04-12,Rejected,2024-02-23,Hired
825,Karen Fields,Female,56,UI/UX Designer,2024-02-05,Interviewed,,Hired
826,Christopher Davis,Female,42,DevOps Engineer,2023-12-01,Interviewed,2024-08-08,
827,Andrew Sanchez,Female,45,DevOps Engineer,2023-12-11,Interviewed,,Hired
828,Michael Tran,Male,24,Systems Analyst,2024-04-02,Interviewed,,
829,Sandra Freeman,Male,22,Database Administrator,2024-07-06,Interviewed,,Hired
830,Shawn Alexander,Male,40,Data Engineer,2024-02-15,Rejected,2024-05-24,
831,Erik Pacheco,Male,29,Web Developer,2024-01-22,Interviewed,2023-11-07,
832,Christine Williams,Female,23,Data Engineer,2024-04-23,Rejected,,Hired
833,Russell Ramirez,Male,37,Network Administrator,2024-03-07,Rejected,,
834,Meredith Chan DVM,Male,42,Security Analyst,2024-06-29,Interviewed,,
835,Joseph Morris,Male,47,DevOps Engineer,2024-03-07,Rejected,2024-01-07,Hired
836,Alison Adams,Male,56,DevOps Engineer,2023-11-02,Rejected,,Hired
837,Dr. Jason Mcneil,Female,58,HR Manager,2024-09-06,Interviewed,,
838,Sarah Maxwell,Male,58,Project Manager,2023-09-28,Interviewed,,
839,Margaret Edwards,Female,29,Data Engineer,2024-06-16,Rejected,2024-08-29,Hired
840,Claudia Craig,Female,39,HR Manager,2023-09-17,Interviewed,2024-07-04,Hired
841,Clifford Duncan,Male,59,Security Analyst,2024-03-13,Interviewed,2024-09-01,Hired
842,Stephanie Myers DVM,Female,30,Network Administrator,2024-04-18,Interviewed,,
843,Jimmy King,Female,58,Business Analyst,2024-05-28,Rejected,2024-04-25,Hired
844,Nichole Lewis,Male,39,HR Manager,2023-12-13,Interviewed,,
845,Judith Clark,Male,44,Web Developer,2024-02-21,Rejected,,
846,Michelle Franco,Female,46,DevOps Engineer,2024-04-23,Interviewed,,
847,Martin Allison,Male,50,IT Manager,2024-08-20,Rejected,,
848,Brad Richardson,Female,48,Web Developer,2024-02-26,Interviewed,2024-06-04,
849,Elizabeth Davis,Female,25,Business Analyst,2024-04-20,Interviewed,,Hired
850,Crystal Fernandez,Female,42,HR Manager,2024-03-31,Rejected,2023-11-07,Hired
851,Michelle Miller,Male,46,Database Administrator,2024-04-25,Interviewed,,Hired
852,Garrett Rogers,Male,56,Systems Analyst,2024-07-12,Interviewed,,Hired
853,Mark Hines,Male,55,Database Administrator,2024-06-02,Rejected,,Hired
854,William Young,Male,47,Data Engineer,2024-01-01,Interviewed,2024-01-19,
855,Caleb Stephens,Female,25,Business Analyst,2024-01-23,Interviewed,2023-10-09,Hired
856,Albert Johnson,Female,33,Data Engineer,2023-10-27,Interviewed,,Hired
857,Darren Miller,Female,56,HR Manager,2024-02-23,Rejected,2024-01-28,
858,Adrian Sullivan,Male,41,Data Engineer,2024-03-28,Interviewed,2023-10-22,
859,Jennifer Smith,Female,28,DevOps Engineer,2024-01-01,Interviewed,2024-08-30,
860,Patricia Leblanc,Female,48,Security Analyst,2024-03-26,Rejected,,Hired
861,Robin Owens,Male,25,DevOps Engineer,2024-03-14,Rejected,,
862,Michael Casey,Female,50,Data Engineer,2024-04-21,Rejected,,Hired
863,Jason Ortiz,Female,37,Data Engineer,2024-01-12,Rejected,2024-05-01,
864,Joshua Fisher,Male,50,Web Developer,2023-11-25,Interviewed,,
865,Yolanda Simpson,Female,55,Technical Support,2024-01-07,Interviewed,,Hired
866,William Weaver,Male,31,Web Developer,2024-04-30,Rejected,2023-10-11,Hired
867,Sharon Harvey,Female,32,Network Administrator,2024-05-21,Rejected,2023-09-20,
868,James Mclaughlin,Male,53,Business Analyst,2024-07-06,Rejected,2024-03-08,
869,John Bryant,Male,23,Database Administrator,2024-01-19,Interviewed,2024-08-22,
870,Richard Diaz,Female,41,Software Engineer,2023-11-26,Interviewed,,Hired
871,Jessica Higgins,Female,56,Database Administrator,2024-01-30,Interviewed,,
872,Richard Wilson,Female,43,Technical Support,2023-09-17,Rejected,,
873,John Frost,Female,22,Network Administrator,2023-09-15,Rejected,2024-09-02,
874,Douglas Stevens,Male,57,UI/UX Designer,2024-05-12,Interviewed,2024-01-14,Hired
875,Elijah Henderson,Female,37,IT Manager,2024-02-12,Interviewed,,Hired
876,Kelly Long,Female,49,Project Manager,2024-01-31,Interviewed,,Hired
877,Joel Smith,Male,27,UI/UX Designer,2024-03-08,Rejected,,
878,Diamond Gentry,Female,58,HR Manager,2024-03-26,Interviewed,2024-08-02,
879,Savannah Thompson,Male,51,Database Administrator,2023-10-01,Interviewed,,Hired
880,Joseph Garrison,Female,51,Database Administrator,2024-08-15,Rejected,2024-03-04,Hired
881,Christy Lee,Female,41,DevOps Engineer,2024-08-31,Interviewed,,
882,Stephanie Parks,Male,36,Software Engineer,2024-07-09,Rejected,2024-01-15,Hired
883,Sara Davis,Male,57,IT Manager,2023-12-14,Interviewed,,Hired
884,Matthew Peters,Female,56,DevOps Engineer,2024-06-19,Rejected,,Hired
885,Jennifer Graham,Male,49,Software Engineer,2024-04-24,Interviewed,2024-03-26,
886,Brandon Harris,Male,56,Software Engineer,2023-11-22,Interviewed,,Hired
887,Kelly Hughes,Female,28,Project Manager,2024-06-30,Rejected,,Hired
888,Natalie Bright,Male,45,Project Manager,2024-05-28,Rejected,,
889,Casey Moreno,Female,45,Data Engineer,2023-11-19,Interviewed,,Hired
890,Clifford Castro,Female,38,Technical Support,2024-03-17,Interviewed,2024-02-17,
891,Victoria Fox,Male,40,Security Analyst,2023-09-15,Rejected,2024-06-11,Hired
892,Ryan Garcia,Male,45,Network Administrator,2023-10-07,Rejected,,
893,Katrina Adams,Female,59,Data Engineer,2024-07-14,Rejected,,
894,Mary Walker,Male,47,Technical Support,2023-12-28,Rejected,,
895,Caleb Stephens,Male,38,Systems Analyst,2023-11-17,Interviewed,,
896,Jason Schmidt,Female,50,Business Analyst,2023-12-13,Rejected,,
897,Sarah Rodgers,Male,46,Database Administrator,2024-06-05,Interviewed,,
898,David Hall,Male,56,Security Analyst,2024-06-14,Rejected,2023-09-16,Hired
899,Michael Lewis,Female,52,DevOps Engineer,2023-09-27,Rejected,,
900,Valerie Peterson,Male,41,Business Analyst,2024-04-23,Rejected,,Hired
901,Michelle Perez,Male,35,Systems Analyst,2024-06-24,Rejected,2024-04-01,Hired
902,Glen Williams,Male,25,Technical Support,2023-11-30,Interviewed,,Hired
903,Michelle Miller,Male,54,Technical Support,2024-04-28,Rejected,,Hired
904,Jason Sullivan,Female,22,Data Engineer,2024-07-16,Rejected,,Hired
905,Lauren Morales,Male,58,Data Engineer,2024-08-18,Rejected,2024-05-12,
906,Jacob Williamson,Female,56,UI/UX Designer,2023-11-22,Interviewed,,Hired
907,William Campos,Male,53,Data Engineer,2023-12-07,Interviewed,2023-10-04,
908,Kevin Hernandez,Male,44,UI/UX Designer,2023-09-21,Interviewed,,Hired
909,Bradley Hicks,Male,35,Software Engineer,2023-10-22,Interviewed,,
910,Rick Richardson,Male,46,Security Analyst,2024-04-04,Rejected,,
911,Martin Allison,Female,56,IT Manager,2024-04-02,Interviewed,2023-12-17,Hired
912,Christina Martin,Female,39,Technical Support,2024-06-19,Interviewed,,
913,Emily Johnson,Female,25,DevOps Engineer,2024-03-02,Interviewed,,
914,Timothy Roberts,Male,28,Software Engineer,2023-11-11,Rejected,2024-04-20,Hired
915,Sara Vincent,Male,26,DevOps Engineer,2024-05-22,Interviewed,2024-08-12,
916,Danielle Rose,Male,29,DevOps Engineer,2024-07-11,Interviewed,,Hired
917,Robert Lewis,Female,31,IT Manager,2024-08-10,Interviewed,,
918,Kristine Newman,Female,48,DevOps Engineer,2023-10-08,Interviewed,,
919,Tara Wilkins,Female,23,Network Administrator,2024-05-20,Interviewed,,Hired
920,Steven Hall,Male,54,Systems Analyst,2024-08-02,Interviewed,2024-04-08,
921,Carrie Mcdonald,Male,54,Web Developer,2024-03-16,Interviewed,2024-04-01,
922,Tanya Greer,Female,32,Systems Analyst,2024-08-12,Rejected,,
923,Matthew Gonzales,Male,34,Project Manager,2024-04-05,Rejected,2024-03-25,
924,Luis Chambers,Female,42,IT Manager,2023-09-19,Interviewed,2023-10-23,
925,Joshua Roberts,Female,42,Data Engineer,2024-04-26,Rejected,2024-03-26,
926,Jessica Higgins,Female,53,Systems Analyst,2023-12-08,Interviewed,2023-09-30,Hired
927,Patrick Hodges,Male,48,Project Manager,2024-05-04,Interviewed,2023-10-21,Hired
928,Cory Mann,Male,53,Security Analyst,2024-02-05,Rejected,,Hired
929,Calvin Wallace,Female,29,DevOps Engineer,2023-12-20,Rejected,,
930,David Mccarthy,Female,38,DevOps Engineer,2023-12-14,Rejected,2024-04-13,Hired
931,Joseph Irwin,Male,36,UI/UX Designer,2024-07-14,Interviewed,,Hired
932,Connor Moreno,Male,24,Security Analyst,2024-09-12,Interviewed,2024-08-12,Hired
933,Ian Perez,Male,46,Security Analyst,2024-01-11,Interviewed,2024-06-08,
934,William Glass,Male,57,Project Manager,2024-01-29,Rejected,,
935,Donald Walters,Female,33,Data Scientist,2024-08-27,Rejected,,
936,Jennifer Smith,Male,30,Network Administrator,2024-06-03,Rejected,,Hired
937,Joann Smith,Female,48,Systems Analyst,2023-10-10,Rejected,,
938,Erika Garcia,Female,41,Systems Analyst,2023-12-14,Rejected,,Hired
939,Alison Steele,Male,37,DevOps Engineer,2024-01-01,Interviewed,2023-10-01,Hired
940,Tonya Wilson,Female,52,Software Engineer,2023-09-24,Rejected,2023-10-27,Hired
941,David Golden,Female,50,Technical Support,2023-12-11,Rejected,2024-08-26,
942,Derrick Duarte,Female,38,Security Analyst,2024-01-18,Interviewed,2024-02-01,
943,Christopher Bowman,Male,48,HR Manager,2024-03-11,Interviewed,,Hired
944,Douglas Rodriguez,Male,39,Technical Support,2024-06-05,Interviewed,,Hired
945,Kayla Calhoun,Female,28,IT Manager,2024-06-08,Rejected,,
946,Teresa Cook,Male,50,HR Manager,2024-02-25,Rejected,,Hired
947,Miranda Rodriguez,Male,32,Project Manager,2023-12-26,Rejected,,Hired
948,Kayla Curry,Female,46,Software Engineer,2024-06-05,Rejected,,
949,Chris Bean,Female,39,DevOps Engineer,2024-08-12,Interviewed,,Hired
950,Donna Powell,Female,37,Security Analyst,2024-04-01,Rejected,2024-04-13,Hired
951,Christine Brown,Female,30,Database Administrator,2023-10-16,Interviewed,,
952,James Smith,Male,56,Network Administrator,2024-08-28,Rejected,,
953,Garrett Rogers,Female,33,Data Scientist,2023-11-25,Rejected,,
954,Taylor Cohen,Male,57,Project Manager,2023-10-02,Rejected,2024-01-15,Hired
955,Mr. Martin Lamb,Male,40,Software Engineer,2023-10-23,Rejected,,
956,Joseph Payne,Female,25,Systems Analyst,2024-07-13,Interviewed,,
957,Rebecca Foster,Male,50,Systems Analyst,2023-09-16,Rejected,,Hired
958,Brandi Larson,Female,58,Network Administrator,2024-03-06,Rejected,2023-12-03,Hired
959,Kelly Hughes,Male,36,Data Scientist,2023-10-22,Rejected,2024-09-11,
960,Michael Ramirez,Male,24,Software Engineer,2024-01-08,Interviewed,2024-01-27,
961,Linda Jones,Female,35,Database Administrator,2024-06-12,Rejected,,Hired
962,Julia Anthony,Male,54,IT Manager,2024-07-29,Interviewed,2024-05-09,
963,Collin Harrison,Male,24,Project Manager,2023-12-21,Interviewed,,
964,Joshua Cardenas,Male,53,Systems Analyst,2024-07-01,Rejected,2024-05-16,
965,Elizabeth Hale,Female,57,Software Engineer,2024-03-21,Interviewed,,Hired
966,Sherry Lewis,Female,57,IT Manager,2023-09-20,Interviewed,,
967,Brandon Guzman,Female,23,Systems Analyst,2023-11-18,Interviewed,,Hired
968,David Harper,Male,42,Database Administrator,2023-09-21,Interviewed,,Hired
969,Robert Cooper,Male,29,Security Analyst,2024-06-16,Interviewed,,
970,Gail Miller,Male,55,Business Analyst,2024-08-17,Interviewed,,
971,Daniel Adams,Male,34,Security Analyst,2023-12-14,Interviewed,,Hired
972,Donna Meyer,Male,44,Data Engineer,2024-02-26,Rejected,,Hired
973,Sarah Franklin,Male,36,Technical Support,2023-11-19,Rejected,2024-07-02,
974,Paul Moses,Male,52,IT Manager,2024-08-01,Rejected,,Hired
975,Courtney Gill,Female,29,UI/UX Designer,2024-04-23,Rejected,,
976,Bruce Wilson,Female,22,Web Developer,2024-02-03,Rejected,,
977,Alexis Martin,Male,59,Data Engineer,2024-06-14,Interviewed,2024-03-11,
978,Timothy Henry,Male,32,Network Administrator,2024-03-12,Interviewed,2024-07-30,
979,Mia Sullivan,Male,51,Database Administrator,2023-12-08,Rejected,2024-06-30,
980,Marie Cook,Female,43,Business Analyst,2024-04-02,Rejected,,Hired
981,Tyler Reid,Male,36,Database Administrator,2024-04-14,Rejected,,Hired
982,Gary Wagner,Female,40,Project Manager,2024-07-27,Rejected,2024-02-03,
983,Julia Anthony,Female,35,Project Manager,2024-02-20,Rejected,2024-03-31,Hired
984,Daniel Adams,Female,25,Web Developer,2023-09-30,Rejected,2024-05-24,Hired
985,Russell Prince,Female,51,Network Administrator,2023-11-09,Rejected,,
986,William Alvarado,Male,40,Project Manager,2024-08-10,Interviewed,2024-04-27,
987,Destiny Foster,Female,53,Systems Analyst,2023-12-20,Interviewed,2024-04-12,Hired
988,Karen Fields,Male,41,Web Developer,2023-10-22,Rejected,,Hired
989,Andrew Santos,Male,46,DevOps Engineer,2024-04-12,Interviewed,,Hired
990,Amanda Anderson,Male,52,IT Manager,2024-08-08,Interviewed,,Hired
991,Megan Shannon,Female,40,Project Manager,2024-06-05,Rejected,2024-07-04,
992,Sharon Owens,Female,40,UI/UX Designer,2023-11-08,Rejected,,
993,Brandon Curtis MD,Female,23,Software Engineer,2023-11-23,Interviewed,2024-02-26,
994,Anthony Underwood,Female,58,Security Analyst,2024-05-05,Rejected,2023-12-06,
995,Michael Adams,Male,58,Web Developer,2023-09-28,Rejected,,
996,Michael Davis,Female,57,Technical Support,2023-12-20,Interviewed,2024-08-18,
997,Jennifer Sharp,Female,25,Database Administrator,2024-03-20,Rejected,,Hired
998,Luis Chambers,Female,28,Technical Support,2024-08-23,Interviewed,,
999,Gina Ayala,Female,54,Database Administrator,2024-03-27,Rejected,,Hired
1000,Eileen Fox,Male,33,Web Developer,2024-05-09,Rejected,2024-04-01,Hired
1001,Ian Buchanan,Male,26,UI/UX Designer,2024-02-14,Rejected,2023-11-10,
1002,Kimberly Warner,Male,51,Database Administrator,2024-06-01,Rejected,2024-05-06,Hired
1003,Rebecca Johnson,Female,26,Data Engineer,2024-08-13,Rejected,2024-06-12,
1004,Heidi Anderson,Female,25,IT Manager,2023-12-03,Interviewed,,
1005,Shawn Doyle,Male,58,DevOps Engineer,2024-02-19,Rejected,2024-08-08,Hired
1006,Cheryl Harrison,Female,28,Security Analyst,2024-01-04,Interviewed,,
1007,Joshua Hernandez,Female,47,UI/UX Designer,2024-08-29,Rejected,,
1008,Dawn Johnson DDS,Female,38,Database Administrator,2024-05-18,Interviewed,,Hired
1009,John Morrison,Male,40,Business Analyst,2024-03-30,Interviewed,2024-05-31,
1010,Patrick Kennedy,Female,44,Database Administrator,2024-01-20,Rejected,2023-10-16,Hired
1011,Terri Figueroa,Female,31,Software Engineer,2024-07-28,Interviewed,,
1012,Ricky Garrett,Male,32,Business Analyst,2024-07-30,Interviewed,2023-12-24,
1013,Jamie Bradley,Male,40,Project Manager,2023-12-25,Interviewed,2024-09-10,Hired
1014,Ryan Proctor,Female,23,DevOps Engineer,2023-09-25,Interviewed,2023-10-26,Hired
1015,Christine Brown,Male,26,Security Analyst,2024-08-26,Rejected,,Hired
1016,Susan Mcdonald,Male,28,DevOps Engineer,2024-01-21,Rejected,,
1017,Katie Keller,Male,59,Network Administrator,2023-10-09,Rejected,2023-12-09,
1018,Crystal Fernandez,Female,59,UI/UX Designer,2024-05-02,Rejected,2024-03-23,
1019,Sarah Rivas,Female,43,IT Manager,2024-05-19,Interviewed,,Hired
1020,Michael George,Female,58,Security Analyst,2023-11-11,Interviewed,,Hired
1021,William Glass,Male,53,Security Analyst,2024-01-31,Interviewed,,
1022,Jamie Bradley,Male,38,Technical Support,2024-04-14,Rejected,2023-11-30,
1023,John Bryant,Female,45,Software Engineer,2024-04-30,Rejected,2024-08-22,Hired
1024,Raymond Carlson,Female,47,UI/UX Designer,2024-03-08,Interviewed,2024-04-27,
1025,Christina Brady,Male,37,Systems Analyst,2024-05-05,Rejected,2024-03-20,Hired
1026,Edward Aguilar,Female,59,Project Manager,2024-06-08,Rejected,,
1027,Miss Sherri Carter,Female,58,Data Scientist,2024-01-27,Interviewed,2024-03-17,
1028,Kevin Horton,Female,26,Software Engineer,2024-05-31,Interviewed,,
1029,Chris Bean,Female,26,IT Manager,2024-04-02,Interviewed,2024-08-10,Hired
1030,Ian Perez,Female,23,Web Developer,2024-03-03,Interviewed,2024-07-16,Hired
1031,Wendy Hernandez,Male,37,UI/UX Designer,2024-04-13,Rejected,2023-11-16,Hired
1032,Clifford Duncan,Male,32,Project Manager,2024-01-03,Interviewed,2024-03-04,
1033,David Morris,Male,48,Business Analyst,2024-08-31,Rejected,2024-08-15,Hired
1034,Shelly Patterson,Male,32,Software Engineer,2024-02-26,Rejected,2024-03-18,Hired
1035,Robert Griffith,Female,48,Web Developer,2024-06-28,Interviewed,2024-05-18,Hired
1036,Anthony Riley,Female,28,Business Analyst,2024-01-26,Rejected,2024-06-26,Hired
1037,Matthew Hernandez,Male,43,Software Engineer,2024-05-16,Rejected,,Hired
1038,Patrick Avila,Female,24,Software Engineer,2024-06-18,Interviewed,2024-02-08,Hired
1039,Henry Levy,Male,34,UI/UX Designer,2024-08-26,Interviewed,2024-07-10,
1040,Angel Jones,Male,52,DevOps Engineer,2024-03-13,Interviewed,2024-04-10,
1041,Brandon Harris,Female,34,Database Administrator,2024-03-23,Interviewed,,Hired
1042,Joseph Anderson,Female,29,Data Scientist,2024-06-01,Rejected,2024-08-11,
1043,Jeffery Hansen,Male,38,UI/UX Designer,2024-02-20,Interviewed,2024-08-24,Hired
1044,Michael Castaneda,Female,60,DevOps Engineer,2023-12-17,Interviewed,,Hired
1045,Gina Evans,Male,58,IT Manager,2024-08-11,Rejected,,
1046,Stephen Russo,Female,56,Data Engineer,2024-09-02,Interviewed,2024-02-09,
1047,Tristan Newman,Male,40,HR Manager,2023-11-13,Interviewed,,
1048,Bradley Reyes,Male,37,DevOps Engineer,2024-07-31,Rejected,2024-03-19,
1049,Nathan Schwartz,Male,57,Security Analyst,2024-03-10,Interviewed,,Hired
1050,Sarah Lee,Female,51,Database Administrator,2024-07-17,Rejected,2023-11-29,Hired
1051,Joshua Newton,Female,41,IT Manager,2023-10-09,Interviewed,,
1052,Amy Collier,Male,60,Data Engineer,2024-08-30,Interviewed,,Hired
1053,Andrew Aguirre,Female,43,Business Analyst,2024-09-12,Interviewed,2024-01-03,
1054,David Bailey,Female,60,UI/UX Designer,2024-03-25,Rejected,2024-09-08,Hired
1055,Martin Harris,Female,31,Security Analyst,2024-04-05,Rejected,2023-11-23,Hired
1056,Nancy Reese,Female,46,Security Analyst,2024-08-17,Rejected,,
1057,Samuel Gutierrez,Female,55,IT Manager,2023-09-14,Interviewed,2023-10-22,
1058,Joann Smith,Male,41,Database Administrator,2023-09-21,Interviewed,,
1059,Alexis Wang,Female,47,Data Scientist,2023-09-27,Rejected,,Hired
1060,Michael Tran,Male,29,Database Administrator,2024-08-21,Interviewed,,Hired
1061,Anthony Morales,Female,55,Data Engineer,2023-10-02,Interviewed,,
1062,Madison Escobar,Female,25,Technical Support,2024-03-09,Interviewed,2023-12-19,Hired
1063,Alexis Wang,Male,49,Technical Support,2024-06-26,Interviewed,,
1064,Kayla Mcfarland,Male,32,Project Manager,2024-03-03,Interviewed,2024-01-26,Hired
1065,Natalie Bright,Female,43,IT Manager,2024-01-14,Interviewed,2024-05-02,Hired
1066,Connie Coffey,Male,44,IT Manager,2024-03-20,Rejected,,Hired
1067,Tristan Newman,Female,42,Project Manager,2024-08-16,Rejected,,Hired
1068,Brittney Contreras,Female,43,Data Scientist,2023-11-25,Interviewed,,
1069,Dana Daniel,Female,28,Data Engineer,2024-09-09,Rejected,2024-08-16,Hired
1070,Eric Lopez,Female,36,Database Administrator,2024-08-11,Interviewed,,Hired
1071,Franklin Jarvis,Female,47,UI/UX Designer,2024-09-05,Interviewed,,Hired
1072,Johnny Wilson,Female,36,Security Analyst,2023-11-07,Interviewed,,Hired
1073,David Maxwell,Female,45,UI/UX Designer,2023-11-04,Interviewed,2024-06-11,
1074,Thomas Nelson,Female,27,Business Analyst,2024-05-20,Interviewed,2023-12-21,
1075,Tammy Brewer,Male,44,Data Engineer,2024-04-20,Interviewed,,Hired
1076,Stephanie Williams,Female,36,HR Manager,2023-10-18,Rejected,2024-08-26,Hired
1077,Jessica Wilson,Male,43,Business Analyst,2023-10-24,Rejected,2023-10-05,Hired
1078,Sean Bass,Female,50,IT Manager,2023-10-13,Interviewed,,
1079,Diana Jensen,Male,40,Business Analyst,2024-08-07,Interviewed,,Hired
1080,Cassidy Scott,Male,57,Project Manager,2024-06-29,Rejected,,
1081,Sandra Novak,Female,22,Project Manager,2024-08-11,Interviewed,2024-07-07,
1082,William Walker,Female,43,IT Manager,2023-12-13,Interviewed,2023-12-02,Hired
1083,Mathew Rivas,Male,59,Web Developer,2023-12-17,Rejected,,
1084,Patrick Kennedy,Female,23,Business Analyst,2024-04-09,Interviewed,,
1085,Jonathan Stewart,Male,48,Security Analyst,2024-08-08,Rejected,2023-11-02,
1086,Maria Klein,Male,56,Software Engineer,2024-05-19,Rejected,,Hired
1087,Jerry Macdonald,Male,50,HR Manager,2024-01-03,Interviewed,,Hired
1088,Barbara Ortiz,Female,58,Systems Analyst,2023-11-30,Rejected,2024-07-14,
1089,Douglas Kane,Female,58,Database Administrator,2024-04-29,Rejected,2023-09-18,
1090,Travis Patterson,Male,22,HR Manager,2023-11-14,Rejected,,
1091,Anthony Alvarado,Male,49,Web Developer,2024-03-27,Interviewed,,
1092,Dawn Carey,Male,22,HR Manager,2024-05-15,Interviewed,,Hired
1093,Elizabeth Hale,Female,23,Systems Analyst,2024-06-28,Rejected,,
1094,David Mcbride,Male,44,HR Manager,2024-06-15,Interviewed,2023-11-25,Hired
1095,Michelle Edwards,Female,23,Business Analyst,2024-02-15,Rejected,2023-10-10,Hired
1096,Christopher Jackson,Male,22,Web Developer,2023-09-27,Interviewed,2024-07-15,
1097,Loretta Chang,Male,31,Technical Support,2024-04-26,Rejected,,Hired
1098,Samantha Serrano,Female,38,Software Engineer,2023-11-04,Rejected,,Hired
1099,Maurice Pearson,Male,36,Security Analyst,2023-12-07,Interviewed,2024-01-13,Hired
1100,Jordan White,Female,50,Technical Support,2023-09-28,Rejected,2024-05-13,
